tag;word;lang
AFG;afganisch*;de
AFG;Afghanistan;de
AFG;Afghanistans;de
AFG;Kabul;de
AGO;Angola;de
AGO;angolanisch*;de
AGO;Angolas;de
AGO;Luanda;de
ALB;Albanien;de
ALB;Albaniens;de
ALB;albanisch*;de
ALB;Tirana;de
AND;Andorra;de
AND;andorranisch*;de
AND;Andorras;de
ARE;Abu Dhabi;de
ARE;Arabischen Emiraten;de
ARE;Dubai;de
ARE;UAE;de
ARE;Vereinigte Arabische Emirate;de
ARG;Argentinien;de
ARG;Argentiniens;de
ARG;argentinisch*;de
ARG;Buenos Aires;de
ARM;Armenien;de
ARM;Armeniens;de
ARM;armenisch;de
ARM;Jerewan;de
ATG;Antigua und Barbuda;de
ATG;Antigua und Barbudas;de
ATG;Antiguan*;de
ATG;Barbudan*;de
AUS;Australien;de
AUS;Australiens;de
AUS;australisch*;de
AUS;Canberra;de
AUS;Sydney;de
AUT;Österreich;de
AUT;österreichisch*;de
AUT;Österreichs;de
AUT;Wien;de
AZE;Aserbaidschan;de
AZE;aserbaidschanisch*;de
AZE;Aserbaidschans;de
AZE;Baku;de
BDI;Bujumbura;de
BDI;Burundi;de
BDI;Burundis;de
BDI;burundisch*;de
BDI;Kirundu;de
BEL;Belgien;de
BEL;Belgiens;de
BEL;belgisch*;de
BEL;Brüssel;de
BEN;Benin;de
BEN;Benins;de
BEN;Porto Novo;de
BFA;Burkina Faso;de
BFA;Burkinas Fasos;de
BFA;burkinisch*;de
BFA;Ouagadougou;de
BGD;Bangladesch*;de
BGD;Dacca;de
BGD;Dhaka;de
BGR;Bulgarien;de
BGR;Bulgariens;de
BGR;bulgarisch*;de
BGR;Sofia;de
BHR;Bahrain;de
BHR;bahrainisch*;de
BHR;Bahrains;de
BHR;Manama;de
BHS;bahamaisch*;de
BHS;Bahamas;de
BHS;bahamisch*;de
BHS;Nassau;de
BIH;Bosnien;de
BIH;Bosniens;de
BIH;Sarajevo;de
BLR;Belarus;de
BLR;Minsk;de
BLR;weißrussisch*;de
BLR;Weissrussland;de
BLR;Weißrussland;de
BLR;Weißrusslands;de
BLZ;Belize;de
BLZ;Belizes;de
BLZ;belizisch*;de
BLZ;Belmopan;de
BOL;bolivianisch*;de
BOL;Boliviens;de
BOL;Bolvien;de
BOL;La Paz;de
BOL;Sucre;de
BRA;Brasilia;de
BRA;brasilianisch*;de
BRA;Brasilien;de
BRA;Brasiliens;de
BRA;Rio;de
BRA;Sao Paulo;de
BRB;Barbadier;de
BRB;barbadisch*;de
BRB;Barbados;de
BRB;Bridgetown;de
BRN;Brunei*;de
BRN;bruneiisch*;de
BTN;Bhutan*;de
BTN;bhutanisch;de
BTN;Thimphu;de
BWA;Botswana;de
BWA;Botswanas;de
BWA;botswanisch*;de
BWA;Gaborone;de
CAF;Bangui;de
CAF;Zentral African*;de
CAF;Zentralafrikanische* Republik*;de
CAN;Kanada;de
CAN;Kanadas;de
CAN;Kanadier*;de
CAN;kanadisch*;de
CAN;Ottawa;de
CAN;Quebec;de
CAN;Toronto;de
CHE;Bern;de
CHE;Eidgenosse*;de
CHE;Schweiz;de
CHE;Schweizer*;de
CHE;Zürich;de
CHL;Chile;de
CHL;chilenisch*;de
CHL;Chiles*;de
CHL;Santiago;de
CHN;China;de
CHN;Chinas;de
CHN;chinesisch*;de
CHN;Peking;de
CHN;Shanghai;de
CHN;Volksrepublik China;de
CIV;Abidjan;de
CIV;Côte d'Ivoire;de
CIV;Elfenbeinküste;de
CIV;ivorisch*;de
CIV;Yamoussoukro;de
CMR;Kamerun;de
CMR;kamerunisch*;de
CMR;Kameruns;de
CMR;Yaoundé;de
COD;Demokratische Republik Kongo;de
COD;Demokratische Republik Kongo;de
COD;DR Kongo;de
COD;DR Kongo;de
COD;DR Kongo;de
COD;Kinshasa;de
COG;Brazzaville;de
COG;Kongo;de
COG;kongolesisch*;de
COG;Kongos;de
COG;Republik Kongo;de
COL;Bogota;de
COL;kolumbianisch*;de
COL;Kolumbien;de
COL;Kolumbiens;de
COM;Komoren;de
COM;Komorens;de
COM;koromisch*;de
COM;Moroni;de
CPV;Kap Verde;de
CPV;Kap Verdes;de
CPV;Kapverdier*;de
CPV;kapverdisch*;de
CPV;Praia;de
CRI;Costa Rica;de
CRI;Costa Ricas;de
CRI;costarikanisch*;de
CRI;kostarikanisch*;de
CRI;San Jose;de
CRI;Ticos;de
CUB;Havana;de
CUB;Kuba;de
CUB;kubanisch*;de
CUB;Kubas*;de
CYP;Nikosia;de
CYP;Zypern;de
CYP;Zyperns;de
CYP;Zyprer;de
CYP;zypriotisch*;de
CZE;Prag;de
CZE;tschechisch*;de
CZE;Tschechische Republik;de
CZE;Tschechischen;de
DEU;Berlin;de
DEU;deutsch*;de
DEU;Deutschland;de
DEU;Deutschlands;de
DEU;Frankfurt;de
DJI;Dschibuti;de
DJI;dschibutisch*;de
DMA;Commonwealth Dominica;de
DMA;Commonwealth Dominicas;de
DMA;Commonwealth of Dominica;de
DMA;Roseau;de
DNK;Dänemark;de
DNK;Dänemarks;de
DNK;dänisch*;de
DNK;Kopenhagen;de
DOM;dominikanisch*;de
DOM;Dominikanische Republik;de
DOM;Santo Domingo;de
DZA;Algerien;de
DZA;Algeriens;de
DZA;algerisch*;de
DZA;Algier;de
ECU;Ecuador;de
ECU;ecuadorianisch*;de
ECU;Ecuadors;de
ECU;Quito;de
EGY;Ägypten;de
EGY;Ägyptens;de
EGY;ägyptisch*;de
EGY;Kairo;de
ERI;Asmara;de
ERI;Eritrea;de
ERI;Eritreas;de
ERI;eritreisch*;de
ESP;Barcelona;de
ESP;Madrid;de
ESP;Spanien;de
ESP;Spaniens;de
ESP;Spanier*;de
ESP;spanisch*;de
EST;Estland;de
EST;Estlands;de
EST;estnisch*;de
EST;Tallinn;de
ETH;Addis Ababa;de
ETH;Äthiopien;de
ETH;Äthiopiens;de
ETH;Äthiopier*;de
FIN;finnisch*;de
FIN;Finnland;de
FIN;Finnlands;de
FIN;Helsinki;de
FJI;Fidschi*;de
FLK;Falkland;de
FLK;Falkland-Inseln;de
FRA;Frankreich;de
FRA;Frankreichs;de
FRA;französisch*;de
FRA;Paris;de
FRO;Färöer;de
FRO;Färöer Inseln;de
FRO;färöisch*;de
FRO;Torshavn;de
FSM;Mikronesien;de
FSM;Mikronesiens;de
FSM;Palikir;de
GAB;Gabun;de
GAB;gabunisch*;de
GAB;Gabuns;de
GAB;Libreville;de
GBR;britisch*;de
GBR;England;de
GBR;Englands;de
GBR;Großbritannien;de
GBR;London;de
GBR;UK;de
GBR;Vereinigtes Königreich;de
GEO;Georgien;de
GEO;Georgiens;de
GEO;georgisch*;de
GEO;Tbilisi;de
GEO;Tiflis;de
GGY;Guernsey;de
GGY;Saint Peter Port;de
GGY;St. Peter Port;de
GHA;Accra;de
GHA;Ghana;de
GHA;ghanaisch*;de
GHA;Ghanas;de
GIN;Conakry;de
GIN;Guinea;de
GIN;Guineas;de
GIN;Guineer*;de
GIN;guineisch*;de
GMB;Banjul;de
GMB;Gambia;de
GMB;Gambias;de
GMB;gambisch*;de
GNB;Bissau;de
GNB;Guinea-Bissau;de
GNQ;Äquatorial-Guinea;de
GNQ;Äquatorialguinea;de
GNQ;Äquatorialguineas;de
GNQ;Malabo;de
GRC;Athen;de
GRC;Grieche*;de
GRC;Griechenland;de
GRC;Griechenlands;de
GRC;griechisch*;de
GRD;Grenada;de
GRD;Grenadas;de
GRD;Saint George's;de
GRD;St George's;de
GRL;Grönland;de
GRL;grönländisch*;de
GRL;Grönlands;de
GRL;Nuuk;de
GTM;Guatemala;de
GTM;Guatemala-Stadt;de
GTM;guatemaltekisch*;de
GUY;Guyana;de
GUY;Guyana;de
GUY;guyanisch*;de
GUY;Kooperative Republik Guyana;de
HKG;Hong Kong;de
HKG;Hong Kongs;de
HKG;Hongkoner;de
HND;Honduran*;de
HND;honduranisch*;de
HND;Honduras;de
HND;Tegucigalpa;de
HRV;Kroatien;de
HRV;Kroatiens;de
HRV;kroatisch*;de
HRV;Zagreb;de
HTI;Haiti;de
HTI;Haitis;de
HTI;haitisch*;de
HTI;Port au Prince;de
HTI;Port-au-Prince;de
HUN;Budapest;de
HUN;ungarisch*;de
HUN;Ungarn;de
HUN;Ungarns;de
IDN;Indonesien;de
IDN;indonesisch*;de
IDN;Jakarta;de
IMN;Isle of Man;de
IMN;Manx;de
IND;Dehli;de
IND;Indien;de
IND;Indiens;de
IND;indisch*;de
IND;Mumbai;de
IND;Neu-Dehli;de
IRL;Dublin;de
IRL;irisch*;de
IRL;Irland;de
IRL;Irlands;de
IRN;Iran;de
IRN;iranisch*;de
IRN;Irans;de
IRN;Teheran;de
IRQ;Baghdad;de
IRQ;Irak;de
IRQ;irakisch*;de
IRQ;Iraks;de
ISL;Island;de
ISL;isländisch*;de
ISL;Islands;de
ISL;Reykjavik;de
ISR;irsraelisch*;de
ISR;Israel;de
ISR;Israels;de
ISR;Jerusalem;de
ITA;Italien;de
ITA;italienisch*;de
ITA;Italiens;de
ITA;Rom;de
JAM;Jamaika;de
JAM;jamaikanisch*;de
JAM;Jamaikas;de
JAM;Kingston;de
JEY;Kanalinseln;de
JOR;Amman;de
JOR;Jordanien;de
JOR;Jordaniens;de
JOR;jordanisch*;de
JPN;Japan;de
JPN;japanisch*;de
JPN;Japans;de
JPN;Tokio;de
JPN;Tokyo;de
KAZ;Astana;de
KAZ;kasachisch*;de
KAZ;Kasachstan;de
KAZ;Kasachstans;de
KEN;Kenia;de
KEN;kenianisch*;de
KEN;Kenias;de
KEN;Nairobi;de
KGZ;Bishkek;de
KGZ;Kirgisien;de
KGZ;kirgisisch;de
KGZ;Kirgisistan;de
KGZ;Kyrgyzstan;de
KHM;Kambodscha;de
KHM;kambodschanisch*;de
KHM;Phnom Penh;de
KIR;Kiribati;de
KIR;kiribatisch*;de
KIR;Tarawa;de
KNA;Basseterre;de
KNA;St. Kitts und Nevis;de
KOR;koreanisch*;de
KOR;Seoul;de
KOR;Süd-Korea;de
KOR;süd-koreanisch*;de
KOR;Süd-Koreas;de
KOR;Südkorea;de
KOR;südkoreanisch*;de
KOR;Südkoreas;de
KOS;kosovarisch*;de
KOS;Kosovo;de
KOS;Pristina;de
KWT;Kuwait;de
KWT;kuwaitisch;de
KWT;Kuwaits;de
KWT;kuweitisch;de
LAO;Laos;de
LAO;laotisch*;de
LAO;Vientiane;de
LBN;Beirut;de
LBN;libanesisch*;de
LBN;Libanon;de
LBN;Libanons;de
LBR;Liberia;de
LBR;liberianisch*;de
LBR;Liberias;de
LBR;liberisch*;de
LBR;Monrovia;de
LBY;Libyen;de
LBY;Libyens;de
LBY;libysch*;de
LBY;Tripolis;de
LCA;Castries;de
LCA;Saint Lucia;de
LCA;St. Lucia;de
LCA;St. Lucias;de
LIE;Liechtenstein;de
LIE;Liechtenstein*;de
LIE;Liechtensteins;de
LIE;Vaduz;de
LKA;Ceylon;de
LKA;Colombo;de
LKA;Sri Lanka;de
LKA;Sri Lankas;de
LSO;Lesotho;de
LSO;lesothonisch*;de
LSO;Lesothos;de
LSO;Maseru;de
LTU;Litauen;de
LTU;Litauens;de
LTU;litauisch;de
LTU;Vilnius;de
LUX;Luxemburg;de
LUX;luxemburgisch*;de
LUX;Luxemburgs;de
LVA;lettisch*;de
LVA;Lettland;de
LVA;Lettlands;de
LVA;Riga;de
MAC;Macau;de
MAC;macauisch*;de
MAC;Macaus;de
MAR;marokkanisch*;de
MAR;Marokko;de
MAR;Marokkos;de
MAR;Rabat;de
MCO;Monako;de
MCO;monegass*;de
MCO;Monegass*;de
MDA;Chisinau;de
MDA;Moldavien;de
MDA;Moldaviens;de
MDA;moldavisch*;de
MDA;Moldawien;de
MDG;Antananarivo;de
MDG;Madagaskar;de
MDG;Madagaskars;de
MDV;Malediven;de
MDV;maledivisch*;de
MEX;Mexico City;de
MEX;Mexico-Stadt;de
MEX;mexikanisch*;de
MEX;Mexiko;de
MEX;Mexikos;de
MHL;Majuro;de
MHL;Marshallinseln;de
MHL;marshallisch*;de
MKD;Mazedonien;de
MKD;mazedonisch*;de
MKD;Mazekoniens;de
MKD;Skopje;de
MLI;Bamako;de
MLI;Mali;de
MLI;Malier;de
MLI;Malis;de
MLI;malisch*;de
MLT;Malta;de
MLT;Maltas;de
MLT;maltesisch*;de
MLT;Valletta;de
MMR;Burma;de
MMR;burmesisch*;de
MMR;Myanmar;de
MMR;Naypyidaw;de
MMR;Yangon;de
MNE;Montenegrin*;de
MNE;Montenegro;de
MNE;Podgorica;de
MNG;Mongolei;de
MNG;mongolisch;de
MNG;Ulan Bator;de
MOZ;Maputo;de
MOZ;Mosambik;de
MOZ;Mosambik;de
MRT;Mauretanien;de
MRT;Mauretaniens;de
MRT;mauretanisch*;de
MRT;Nouakchott;de
MUS;mauritianisch*;de
MUS;Mauritius;de
MUS;Port Louis;de
MWI;Lilongwe;de
MWI;Malawi;de
MWI;Malawis;de
MWI;malawisch*;de
MYS;Kuala Lumpur;de
MYS;Malaysia;de
MYS;Malaysias;de
MYS;malaysisch*;de
MYS;Putrajaya;de
NCL;Neukaledonien*;de
NCL;Noumea;de
NER;Niamey;de
NER;Niger;de
NER;nigerisch*;de
NER;Nigers;de
NGA;Abuja;de
NGA;Lagos;de
NGA;Nigeria;de
NGA;nigerianisch*;de
NGA;Nigerias;de
NIC;Managua;de
NIC;Nicaragua;de
NIC;Nicaraguaner*;de
NIC;nicaraguanisch*;de
NLD;Amsterdam;de
NLD;Holland;de
NLD;Holländer;de
NLD;Hollands;de
NLD;hollänisch*;de
NLD;Niederlande;de
NLD;niederländisch*;de
NOR;Norwegen;de
NOR;Norwegens;de
NOR;norwegisch*;de
NOR;Oslo;de
NPL;Kathmandu;de
NPL;Nepal;de
NPL;Nepales* Katmandu;de
NPL;nepalesisch*;de
NPL;Nepals;de
NRU;Nauru;de
NRU;Nauruer*;de
NRU;Yaren;de
NZL;Auckland;de
NZL;Kiwi*;de
NZL;Neu-Seeland;de
NZL;Neuseeland;de
NZL;neuseeländisch*;de
NZL;Neuseelands;de
NZL;Wellington;de
OMN;Maskat;de
OMN;Oman;de
OMN;omanisch*;de
OMN;Omans;de
PAK;Islamabad;de
PAK;Pakistan;de
PAK;pakistanisch*;de
PAK;Pakistans;de
PAN;Panama;de
PAN;Panama City;de
PAN;Panama-Stadt;de
PAN;panamaisch*;de
PER;Lima;de
PER;Peru;de
PER;peruanisch*;de
PER;Perus;de
PHL;Manila;de
PHL;Philippinen;de
PHL;philippinisch*;de
PLW;Melekeok;de
PLW;Palau;de
PLW;palauisch*;de
PLW;Palaus;de
PNG;Papua-Neuguinea*;de
PNG;Port Moresby;de
POL;Polen;de
POL;Polens;de
POL;polnisch*;de
POL;Warschau;de
PRI;Puerto Rico;de
PRI;Puerto Ricos;de
PRI;puertorikanisch*;de
PRI;San Juan;de
PRK;Nord-Korea;de
PRK;nord-koreanisch*;de
PRK;Nord-Koreas;de
PRK;Nordkorea;de
PRK;nordkoreanisch*;de
PRK;Nordkoreas;de
PRK;Pjöngjang;de
PRT;Lissabon;de
PRT;Portugal;de
PRT;Portugals;de
PRT;portugisisch*;de
PRY;Asuncion;de
PRY;Paraguay;de
PRY;paraguayisch*;de
PRY;Paraguays;de
PSE;Gaza;de
PSE;Palestina;de
PSE;Palestinas;de
PSE;paletinensisch*;de
PSE;West-Bank;de
PSE;Westbank;de
QAT;Doha;de
QAT;Katar;de
QAT;katarisch*;de
QAT;Katars;de
QAT;Qatar;de
QAT;Qatars;de
ROU;Bukarest;de
ROU;Rumänien;de
ROU;Rumäniens;de
ROU;rumänisch*;de
RUS;Moskau;de
RUS;russisch*;de
RUS;Russland;de
RUS;Russlands;de
RUS;St. Petersburg;de
RWA;Kigali;de
RWA;Ruanda;de
RWA;Ruandas;de
RWA;ruandisch*;de
SAH;West-Sahara;de
SAH;West-Saharisch* El Aaiun;de
SAH;Westsahara;de
SAH;Westsaharas;de
SAU;Riad;de
SAU;Saudi-Arabien;de
SAU;Saudi-Arabiens;de
SAU;saudi-arabisch;de
SDN;Khartum;de
SDN;Sudan;de
SDN;sudanisch*;de
SDN;Sudans;de
SEN;Dakar;de
SEN;Senegal;de
SEN;senegalesisch*;de
SEN;Senegals;de
SGP;Singapur;de
SGP;singapurisch*;de
SGP;Singapurs;de
SLB;Honiara;de
SLB;Salomon-Inseln;de
SLB;Salomonen;de
SLB;Salomoninseln;de
SLE;Freetown;de
SLE;Sierra Leone;de
SLV;El Salvador;de
SLV;El Salvadors;de
SLV;salvadorianisch*;de
SLV;San Salvador;de
SMR;San Marino;de
SMR;San Marinos;de
SOM;Mogadishu;de
SOM;Somalia;de
SOM;Somalias;de
SOM;somalisch*;de
SRB;Belgrad;de
SRB;Serbien;de
SRB;Serbiens;de
SRB;serbisch* Serbe;de
SSD;Juba;de
SSD;S-Sudan;de
SSD;S-Sudan;de
SSD;Südsudan;de
SSD;Südsudanisch*;de
SSD;Südsudans;de
STP;Sao Tome and Principe;de
STP;São Tomé und Príncipe;de
SUR;Paramaribo;de
SUR;Surinam;de
SUR;Suriname;de
SUR;Surinames;de
SUR;Surinams;de
SVK;Bratislava;de
SVK;Slowakei;de
SVK;slowakisch*;de
SVN;Ljubljana;de
SVN;Slowenien;de
SVN;Sloweniens;de
SVN;slowenisch*;de
SWE;Schweden;de
SWE;Schwedens;de
SWE;schwedisch*;de
SWE;Stockholm;de
SWZ;Lobamba;de
SWZ;Mbabane;de
SWZ;Swasiland;de
SWZ;Swasilands;de
SYC;Seselwa;de
SYC;Seychellen;de
SYR;Damaskus;de
SYR;Syrien;de
SYR;Syriens;de
SYR;syrisch*;de
TCD;N'Djamena;de
TCD;Tschad;de
TCD;Tschads;de
TGO;Lome;de
TGO;Lomé;de
TGO;Togo;de
TGO;togoisch*;de
TGO;togolesisch*;de
TGO;Togos;de
THA;Bangkok;de
THA;Thai;de
THA;Thailand;de
THA;thailändisch*;de
TJK;Dushanbe;de
TJK;Tadschikistan;de
TJK;Tadschikistans*;de
TJK;tadschikistsanisch*;de
TKM;Ashhabad;de
TKM;Turkmenien;de
TKM;Turkmeniens;de
TKM;Turkmenistan;de
TKM;Turkmenistans;de
TLS;Dili;de
TLS;Ost-Timor;de
TLS;Osttimor;de
TON;Nuku'alofa;de
TON;Tonga;de
TON;tongaisch*;de
TON;Tongas;de
TTO;Port of Spain;de
TTO;Tobago;de
TTO;Trinidad;de
TTO;Trinidad und Tobago;de
TTO;Trinidad und Tobagos;de
TTO;trinidadisch*;de
TUN;Tunesien;de
TUN;Tunesiens;de
TUN;Tunis;de
TUN;tunisisch*;de
TUR;Ankara;de
TUR;Istanbul;de
TUR;Kurde;de
TUR;kurdisch*;de
TUR;Türkei;de
TUR;türkisch*;de
TUV;Funafuti;de
TUV;Tuvalu*;de
TWN;Taipei;de
TWN;Taiwan;de
TWN;taiwanesisch*;de
TWN;Taiwans;de
TZA;Dar es Salaam;de
TZA;Dar-es-Salam;de
TZA;Daressalam;de
TZA;Dodoma;de
TZA;Tansania;de
TZA;Tansanias;de
UGA;Kampala;de
UGA;Uganda;de
UGA;ugandandisch*;de
UGA;Ugandas;de
UKR;Kiew;de
UKR;Ukraine;de
UKR;ukrainisch*;de
URY;Montevideo;de
URY;Uruguay;de
URY;uruguayisch*;de
URY;Uruguays;de
USA;amerikanisch*;de
USA;Amerikas;de
USA;New York;de
USA;United States;de
USA;US;de
USA;USA;de
USA;Vereinigte Staaten;de
USA;Vereinigte Staaten von Amerika;de
USA;Washington;de
UZB;Tashkent;de
UZB;usbekisch*;de
UZB;Usbekistan;de
UZB;Usbekistans;de
VAT;Vatikan;de
VCT;Kingstown;de
VCT;St. Vincent und die Grenadinen;de
VEN;Caracas;de
VEN;Venezuela;de
VEN;venezuelanisch*;de
VEN;Venezuelas;de
VNM;Hanoi;de
VNM;Ho-Chi-Minh;de
VNM;Ho-Chi-Minh-Stadt;de
VNM;Vietnam;de
VNM;vietnamesisch*;de
VNM;Vietnams;de
VUT;Port Vila;de
VUT;vanatuanisch*;de
VUT;Vanuatu;de
WSM;Apia;de
WSM;Samoa*;de
WSM;samoanisch*;de
YEM;Jemen;de
YEM;Jemenit;de
YEM;jemenitisch*;de
YEM;Sana;de
YEM;Sanaa;de
ZAF;Cape Town;de
ZAF;Johannesburg;de
ZAF;Kapstadt;de
ZAF;Pretoria;de
ZAF;Südafrika;de
ZAF;südafrikanisch*;de
ZAF;Südafrikas;de
ZMB;Lusaka;de
ZMB;Sambia;de
ZMB;Sambias;de
ZMB;samibsch*;de
ZWE;Harare;de
ZWE;Simbabwe;de
ZWE;Simbabwes;de
ZWE;simbabwisch*;de
AFG;Afghan*;en
AFG;Afghanistan;en
AFG;Kabul;en
AGO;Angola;en
AGO;Angolan*;en
AGO;Luanda;en
ALB;Albania;en
ALB;Albanian*;en
ALB;Tirana;en
AND;Andorra;en
AND;Andorran*;en
ARE;Abu Dhabi;en
ARE;Dubai;en
ARE;Emirati*;en
ARE;Emiri*;en
ARE;UAE;en
ARE;United Arab Emirates;en
ARG;Argentina;en
ARG;Argentine*;en
ARG;Argentinian*;en
ARG;Buenos Aires;en
ARM;Armenia;en
ARM;Armenian*;en
ARM;Yerevan;en
ATG;Antigua and Barbuda;en
ATG;Antiguan*;en
ATG;Barbudan*;en
AUS;Aussie*;en
AUS;Australia;en
AUS;Australian*;en
AUS;Canberra;en
AUS;Oz;en
AUS;Sydney;en
AUT;Austria;en
AUT;Austrian*;en
AUT;Vienna;en
AZE;Azerbaijan;en
AZE;Azerbaijani*;en
AZE;Azeri*;en
AZE;Baku;en
BDI;Bujumbura;en
BDI;Burundi;en
BDI;Burundian*;en
BEL;Belgian*;en
BEL;Belgium;en
BEL;Brussels;en
BEN;Benin;en
BEN;Beninese;en
BEN;Beninois;en
BEN;Porto Novo;en
BFA;Burkina Faso;en
BFA;Burkinabe*;en
BFA;Ouagadougou;en
BGD;Bangladesh;en
BGD;Bangladeshi*;en
BGD;Dacca;en
BGD;Dhaka;en
BGR;Bulgaria;en
BGR;Bulgarian*;en
BGR;Sofia;en
BHR;Bahrain;en
BHR;Bahraini*;en
BHR;Manama;en
BHS;Bahamas;en
BHS;Bahamian*;en
BHS;Nassau;en
BIH;Bosnia;en
BIH;Bosnia and Herzegovina;en
BIH;Bosnian*;en
BIH;Herzegovina;en
BIH;Sarajevo;en
BLR;Belarus;en
BLR;Belarusian*;en
BLR;Minsk;en
BLZ;Belize;en
BLZ;Belizean*;en
BLZ;Belmopan;en
BOL;Bolivia;en
BOL;Bolivian*;en
BOL;La Paz;en
BOL;Sucre;en
BRA;Brasilia;en
BRA;Brazil;en
BRA;Brazilian*;en
BRA;Rio;en
BRA;Sao Paulo;en
BRB;Barbadian*;en
BRB;Barbados;en
BRB;Bridgetown;en
BRN;Brunei;en
BRN;Bruneian*;en
BTN;Bhutan;en
BTN;Bhutanese;en
BTN;Thimphu;en
BWA;Botswana;en
BWA;Botswanan*;en
BWA;Gaborone;en
CAF;Bangui;en
CAF;Central African Republic;en
CAF;Central African*;en
CAN;Canada;en
CAN;Canadian*;en
CAN;Ottawa;en
CAN;Quebec;en
CAN;Toronto;en
CHE;Bern;en
CHE;Swiss*;en
CHE;Switzerland;en
CHE;Zurich;en
CHL;Chile;en
CHL;Chilean*;en
CHL;Santiago;en
CHN;Beijing;en
CHN;China;en
CHN;Chinese;en
CHN;Shanghai;en
CIV;Abidjan;en
CIV;Côte d'Ivoire;en
CIV;I Coast;en
CIV;Ivorian*;en
CIV;Ivory Coast;en
CIV;Yamoussoukro;en
CMR;Cameroon;en
CMR;Cameroonian*;en
CMR;Yaounde;en
CMR;Yaoundé;en
COD;Democratic Republic Congo;en
COD;Democratic Republic Congolese;en
COD;DR Congo;en
COD;DR Congolese;en
COD;DRC;en
COD;Kinshasa;en
COG;Brazzaville;en
COG;Congo;en
COG;Congo Republic;en
COG;Congolese;en
COL;Bogota;en
COL;Colombia;en
COL;Colombian*;en
COM;Comorian*;en
COM;Comoros;en
COM;Moroni;en
CPV;Cape Verde;en
CPV;Cape Verdean*;en
CPV;Praia;en
CRI;Costa Rica;en
CRI;Costa Rican*;en
CRI;San Jose;en
CRI;Ticos;en
CUB;Cuba;en
CUB;Cuban*;en
CUB;Havana;en
CYP;Cypriot*;en
CYP;Cyprus;en
CYP;Nicosia;en
CZE;Czech Republic;en
CZE;Czech*;en
CZE;Prague;en
DEU;Berlin;en
DEU;Frankfurt;en
DEU;German*;en
DEU;Germany;en
DJI;Djibouti;en
DJI;Djiboutian*;en
DMA;Commonwealth Dominican*;en
DMA;Commonwealth of Dominica;en
DMA;Roseau;en
DNK;Copenhagen;en
DNK;Dane*;en
DNK;Danish;en
DNK;Denmark;en
DOM;Dominican Republic;en
DOM;Dominican*;en
DOM;Santo Domingo;en
DZA;Algeria;en
DZA;Algerian*;en
DZA;Algiers;en
ECU;Ecuador;en
ECU;Ecuadorian*;en
ECU;Quito;en
EGY;Cairo;en
EGY;Egypt;en
EGY;Egyptian*;en
ERI;Asmara;en
ERI;Eritrea;en
ERI;Eritrean*;en
ESP;Barcelona;en
ESP;Madrid;en
ESP;Spain;en
ESP;Spaniard*;en
ESP;Spanish;en
EST;Estonia;en
EST;Estonian*;en
EST;Tallinn;en
ETH;Addis Ababa;en
ETH;Ethiopia;en
ETH;Ethiopian*;en
FIN;Finland;en
FIN;Finn*;en
FIN;Finnish;en
FIN;Helsinki;en
FJI;Fiji;en
FJI;Fijian*;en
FLK;Falkland Island*;en
FLK;Falkland Islands;en
FRA;France;en
FRA;French*;en
FRA;Paris;en
FRO;Faeroe Island*;en
FRO;Faeroe Islands;en
FRO;Faroese*;en
FRO;Torshavn;en
FSM;Micronesia;en
FSM;Micronesian*;en
FSM;Palikir;en
GAB;Gabon;en
GAB;Gabonese;en
GAB;Libreville;en
GBR;Brit*;en
GBR;Britain;en
GBR;British;en
GBR;Briton*;en
GBR;London;en
GBR;UK;en
GBR;United Kingdom;en
GEO;Georgia;en
GEO;Georgian*;en
GEO;Tbilisi;en
GGY;Guernseie*;en
GGY;Guernsey;en
GGY;Saint Peter Port;en
GGY;St Peter Port;en
GHA;Accra;en
GHA;Ghana;en
GHA;Ghanaian*;en
GIN;Conakry;en
GIN;Guinea;en
GIN;Guinean*;en
GMB;Banjul;en
GMB;Gambia;en
GMB;Gambian*;en
GNB;Bissau;en
GNB;Guinea Bissau;en
GNB;Guinea Bissauan*;en
GNQ;Equatoguinean*;en
GNQ;Equatorial Guinea;en
GNQ;Equatorial Guinean*;en
GNQ;Malabo;en
GRC;Athens;en
GRC;Greece;en
GRC;Greek*;en
GRD;Grenada;en
GRD;Grenadian*;en
GRD;Saint George's;en
GRD;St George's;en
GRL;Greenland;en
GRL;Greenlander*;en
GRL;Nuuk;en
GTM;Guatemala;en
GTM;Guatemala City;en
GTM;Guatemalan*;en
GUY;Guyana;en
GUY;Guyanese;en
HKG;Hong Kong;en
HKG;Hongkongese;en
HND;Honduran*;en
HND;Honduras;en
HND;Tegucigalpa;en
HRV;Croat*;en
HRV;Croatia;en
HRV;Croatian*;en
HRV;Zagreb;en
HTI;Haiti;en
HTI;Haitian*;en
HTI;Port au Prince;en
HTI;Port-au-Prince;en
HUN;Budapest;en
HUN;Hungarian*;en
HUN;Hungary;en
IDN;Indonesia;en
IDN;Indonesian*;en
IDN;Jakarta;en
IMN;Isle of Man;en
IMN;Manx;en
IND;India;en
IND;Indian*;en
IND;Mumbai;en
IND;New Delhi;en
IRL;Dublin;en
IRL;Ireland;en
IRL;Irish;en
IRN;Iran;en
IRN;Iranian*;en
IRN;Tehran;en
IRQ;Baghdad;en
IRQ;Iraq;en
IRQ;Iraqi*;en
ISL;Iceland;en
ISL;Icelander*;en
ISL;Icelandic;en
ISL;Reykjavik;en
ISR;Israel;en
ISR;Israeli*;en
ISR;Jerusalem;en
ITA;Italian*;en
ITA;Italy;en
ITA;Rome;en
JAM;Jamaica;en
JAM;Jamaican*;en
JAM;Kingston;en
JEY;Channel Island*;en
JEY;Channel Islands;en
JOR;Amman;en
JOR;Jordan;en
JOR;Jordanian*;en
JPN;Japan;en
JPN;Japanese;en
JPN;Tokyo;en
KAZ;Astana;en
KAZ;Kazakh*;en
KAZ;Kazakhstan;en
KEN;Kenya;en
KEN;Kenyan*;en
KEN;Nairobi;en
KGZ;Bishkek;en
KGZ;Kyrgyz*;en
KGZ;Kyrgyzstan;en
KHM;Cambodia;en
KHM;Cambodian*;en
KHM;Phnom Penh;en
KIR;Kiribati;en
KIR;Kiribati*;en
KIR;Tarawa;en
KNA;Basseterre;en
KNA;Kittitian*;en
KNA;Nevisian*;en
KNA;Saint Kitts and Nevis;en
KNA;St Kitts and Nevis;en
KOR;S Korea;en
KOR;S Korean*;en
KOR;Seoul;en
KOR;South Korea;en
KOR;South Korean;en
KOS;Kosovan*;en
KOS;Kosovo;en
KOS;Pristina;en
KWT;Kuwait;en
KWT;Kuwait City;en
KWT;Kuwaiti*;en
LAO;Laos;en
LAO;Laotian*;en
LAO;Vientiane;en
LBN;Beirut;en
LBN;Lebanese;en
LBN;Lebanon;en
LBR;Liberia;en
LBR;Liberian*;en
LBR;Monrovia;en
LBY;Libya;en
LBY;Libyan*;en
LBY;Tripoli;en
LCA;Castries;en
LCA;Saint Lucia;en
LCA;Saint Lucian*;en
LCA;St Lucia;en
LCA;St Lucian*;en
LIE;Liechtenstein;en
LIE;Liechtenstein*;en
LIE;Vaduz;en
LKA;Colombo;en
LKA;Sri Lanka;en
LKA;Sri Lankan*;en
LSO;Lesotho;en
LSO;Lesothonian*;en
LSO;Maseru;en
LTU;Lithuania;en
LTU;Lithuanian*;en
LTU;Vilnius;en
LUX;Luxembourg;en
LUX;Luxembourger*;en
LUX;Luxembourgish;en
LVA;Latvia;en
LVA;Latvian*;en
LVA;Riga;en
MAC;Macanese;en
MAC;Macao;en
MAC;Macau;en
MAR;Moroccan*;en
MAR;Morocco;en
MAR;Rabat;en
MCO;Monacan*;en
MCO;Monaco;en
MCO;Monegasque*;en
MDA;Chisinau;en
MDA;Moldova;en
MDA;Moldovan*;en
MDG;Antananarivo;en
MDG;Madagas*;en
MDG;Madagascar;en
MDG;Malagas*;en
MDV;Maldives;en
MDV;Maldivian*;en
MEX;Mexican*;en
MEX;Mexico;en
MEX;Mexico City;en
MHL;Majuro;en
MHL;Marshall Island*;en
MHL;Marshall Islands;en
MHL;Marshallese;en
MKD;Macedonia;en
MKD;Macedonian*;en
MKD;Skopje;en
MLI;Bamako;en
MLI;Mali;en
MLI;Malian*;en
MLT;Malta;en
MLT;Maltese;en
MLT;Valletta;en
MMR;Burma;en
MMR;Burmese;en
MMR;Myanmar;en
MMR;Myanmarese;en
MMR;Naypyidaw;en
MMR;Yangon;en
MNE;Montenegrin*;en
MNE;Montenegro;en
MNE;Podgorica;en
MNG;Mongolia;en
MNG;Mongolian*;en
MNG;Ulan Bator;en
MOZ;Maputo;en
MOZ;Mozambican*;en
MOZ;Mozambique;en
MRT;Mauritania;en
MRT;Mauritanian*;en
MRT;Nouakchott;en
MUS;Mauritian*;en
MUS;Mauritius;en
MUS;Port Louis;en
MWI;Lilongwe;en
MWI;Malawi;en
MWI;Malawian*;en
MYS;Kuala Lumpur;en
MYS;Malaysia;en
MYS;Malaysian*;en
MYS;Putrajaya;en
NCL;New Caledonia;en
NCL;New Caledonian*;en
NCL;Noumea;en
NER;Niamey;en
NER;Niger;en
NER;Nigerien*;en
NGA;Abuja;en
NGA;Lagos;en
NGA;Nigeria;en
NGA;Nigerian*;en
NIC;Managua;en
NIC;Nicaragua;en
NIC;Nicaraguan*;en
NLD;Amsterdam;en
NLD;Dutch;en
NLD;Holland;en
NLD;Hollander*;en
NLD;Netherlands;en
NOR;Norway;en
NOR;Norwegian*;en
NOR;Oslo;en
NPL;Kathmandu;en
NPL;Katmandu;en
NPL;Nepal;en
NPL;Nepalese;en
NPL;Nepali;en
NRU;Nauru;en
NRU;Nauruan*;en
NRU;Yaren;en
NZL;Auckland;en
NZL;Kiwi*;en
NZL;N Zealand;en
NZL;New Zealand;en
NZL;New Zealander*;en
NZL;NZ;en
NZL;Wellington;en
OMN;Muscat;en
OMN;Oman;en
OMN;Omani*;en
PAK;Islamabad;en
PAK;Pakistan;en
PAK;Pakistani*;en
PAN;Panama;en
PAN;Panama City;en
PAN;Panamanian*;en
PER;Lima;en
PER;Peru;en
PER;Peruvian*;en
PHL;Filipina*;en
PHL;Filipino*;en
PHL;Manila;en
PHL;Philippine;en
PHL;Philippines;en
PLW;Melekeok;en
PLW;Palau;en
PLW;Palauan*;en
PNG;Papua New Guinea;en
PNG;Papua New Guinean*;en
PNG;Papuan*;en
PNG;Port Moresby;en
POL;Poland;en
POL;Pole*;en
POL;Polish;en
POL;Warsaw;en
PRI;Puerto Rican*;en
PRI;Puerto Rico;en
PRI;San Juan;en
PRK;DPRK;en
PRK;N Korea;en
PRK;N Korean*;en
PRK;North Korea;en
PRK;North Korean*;en
PRK;Pyongyang;en
PRT;Lisbon;en
PRT;Portugal;en
PRT;Portuguese;en
PRY;Asuncion;en
PRY;Paraguay;en
PRY;Paraguayan*;en
PSE;Gaza;en
PSE;Gaza City;en
PSE;Palestine;en
PSE;Palestinian*;en
PSE;West Bank;en
QAT;Doha;en
QAT;Qatar;en
QAT;Qatari*;en
ROU;Bucharest;en
ROU;Romania;en
ROU;Romanian*;en
RUS;Moscow;en
RUS;Russia;en
RUS;Russian*;en
RWA;Kigali;en
RWA;Rwanda;en
RWA;Rwandan*;en
SAH;El Aaiun;en
SAH;Western Sahara;en
SAH;Western Saharan*;en
SAU;Riyadh;en
SAU;Saudi Arabia;en
SAU;Saudi*;en
SDN;Khartoum;en
SDN;Sudan;en
SDN;Sudanese;en
SEN;Dakar;en
SEN;Senegal;en
SEN;Senegalese;en
SGP;Singapore;en
SGP;Singaporean*;en
SLB;Honiara;en
SLB;Solomon Island*;en
SLB;Solomon Islands;en
SLE;Freetown;en
SLE;Sierra Leone;en
SLE;Sierra Leonean*;en
SLV;El Salvador;en
SLV;Salvadoran*;en
SLV;San Salvador;en
SMR;Sammarinese;en
SMR;San Marino;en
SOM;Mogadishu;en
SOM;Somali*;en
SOM;Somalia;en
SOM;Somalian*;en
SRB;Belgrade;en
SRB;Serb*;en
SRB;Serbia;en
SRB;Serbian*;en
SSD;Juba;en
SSD;S Sudan;en
SSD;S Sudanese;en
SSD;South Sudan;en
STP;Sao Tome and Principe;en
STP;São Tomé und Príncipe;en
STP;Sao Tomean*;en
SUR;Paramaribo;en
SUR;Suriname;en
SUR;Surinamese;en
SVK;Bratislava;en
SVK;Slovak*;en
SVK;Slovakia;en
SVN;Ljubljana;en
SVN;Slovene*;en
SVN;Slovenia;en
SVN;Slovenian*;en
SWE;Stockholm;en
SWE;Swede*;en
SWE;Sweden;en
SWE;Swedish;en
SWZ;Lobamba;en
SWZ;Mbabane;en
SWZ;Swazi*;en
SWZ;Swaziland;en
SYC;Seychelles;en
SYC;Seychellois;en
SYC;Seychelloise;en
SYR;Damascus;en
SYR;Syria;en
SYR;Syrian*;en
TCD;Chad;en
TCD;Chadian*;en
TCD;N'Djamena;en
TGO;Lome;en
TGO;Lomé;en
TGO;Togo;en
TGO;Togolese;en
THA;Bangkok;en
THA;Thai;en
THA;Thailand;en
TJK;Dushanbe;en
TJK;Tajikistan;en
TJK;Tajiks*;en
TKM;Ashhabad;en
TKM;Turkmen*;en
TKM;Turkmenistan;en
TLS;Dili;en
TLS;East Timor;en
TLS;East Timorese;en
TLS;Timor Leste;en
TON;Nuku'alofa;en
TON;Tonga;en
TON;Tongan*;en
TTO;Port of Spain;en
TTO;Tobagonian*;en
TTO;Trinbagonian*;en
TTO;Trinidad;en
TTO;Trinidad and Tobago;en
TTO;Trinidadian*;en
TUN;Tunis;en
TUN;Tunisia;en
TUN;Tunisian*;en
TUR;Ankara;en
TUR;Istanbul;en
TUR;Turk*;en
TUR;Turkey;en
TUV;Funafuti;en
TUV;Tuvalu;en
TUV;Tuvaluan*;en
TWN;Taipei;en
TWN;Taiwan;en
TWN;Taiwanese;en
TZA;Dar es Salaam;en
TZA;Dodoma;en
TZA;Tanzania;en
TZA;Tanzanian*;en
UGA;Kampala;en
UGA;Uganda;en
UGA;Ugandan*;en
UKR;Kiev;en
UKR;Ukraine;en
UKR;Ukrainian*;en
URY;Montevideo;en
URY;Uruguay;en
URY;Uruguayan*;en
USA;American*;en
USA;New York;en
USA;United States;en
USA;US;en
USA;Washington;en
UZB;Tashkent;en
UZB;Uzbek*;en
UZB;Uzbekistan;en
VAT;Vatican;en
VCT;Kingstown;en
VCT;Saint Vincent and the Grenadines;en
VCT;St Vincent and the Grenadines;en
VCT;Vincentian*;en
VEN;Caracas;en
VEN;Venezuela;en
VEN;Venezuelan*;en
VNM;Hanoi;en
VNM;Ho Chi Minh City;en
VNM;Viet Nam;en
VNM;Vietnam;en
VNM;Vietnamese;en
VUT;Port Vila;en
VUT;Vanuatu;en
VUT;Vanuatuan*;en
WSM;Apia;en
WSM;Samoa;en
WSM;Samoan*;en
YEM;Sana'a;en
YEM;Yemen;en
YEM;Yemeni*;en
ZAF;Cape Town;en
ZAF;Johannesburg;en
ZAF;Pretoria;en
ZAF;S African;en
ZAF;S African*;en
ZAF;SA;en
ZAF;South Africa;en
ZAF;South African*;en
ZMB;Lusaka;en
ZMB;Zambia;en
ZMB;Zambian*;en
ZWE;Harare;en
ZWE;Zimbabwe;en
ZWE;Zimbabwean*;en
AFG;afgan*;es
AFG;Afganistán;es
AFG;Kabul;es
AGO;Angola;es
AGO;angolan*;es
AGO;angoleñ*;es
AGO;Luanda;es
ALB;alban*;es
ALB;Albania;es
ALB;Tirana;es
AND;Andorra;es
AND;Andorra la Vella;es
AND;Andorra la Vieja;es
AND;andorran*;es
ARE;Abu Dabi;es
ARE;Dubái;es
ARE;EAU;es
ARE;emirat*;es
ARE;Emiratos Árabes Unidos;es
ARG;argentin*;es
ARG;Argentina;es
ARG;Buenos Aires;es
ARM;armeni*;es
ARM;Armenia;es
ARM;Ereván;es
ATG;Antigua y Barbuda;es
ATG;antiguan*;es
ATG;Saint John's;es
AUS;Australia;es
AUS;australian*;es
AUS;Canberra;es
AUS;Melbourne;es
AUS;Sidney;es
AUS;Sídney;es
AUT;Austria;es
AUT;austriac*;es
AUT;austríac*;es
AUT;Viena;es
AZE;azer*;es
AZE;Azerbaiyán;es
AZE;azerbaiyan*;es
AZE;Bakú;es
BDI;burund*;es
BDI;Burundi;es
BDI;Buyumbura;es
BEL;belg*;es
BEL;Bélgica;es
BEL;Bruselas;es
BEN;Benín;es
BEN;benin*;es
BEN;Cotonú;es
BEN;Porto Novo;es
BFA;burkin*;es
BFA;Burkina Faso;es
BFA;Uagadugú;es
BGD;Bangladés;es
BGD;banglades*;es
BGD;Bangladesh;es
BGD;bengal*;es
BGD;Daca;es
BGD;Dacca;es
BGR;búlgar*;es
BGR;Bulgaria;es
BGR;Sofía;es
BHR;Bahréin;es
BHR;Baréin;es
BHR;barein*;es
BHR;Manama;es
BHS;baham*;es
BHS;Bahamas;es
BHS;bahameñ*;es
BHS;Nasáu;es
BHS;Nassau;es
BIH;bosni*;es
BIH;Bosnia;es
BIH;Bosnia y Herzegovina;es
BIH;Sarajevo;es
BLR;bielorrus*;es
BLR;Bielorrusia;es
BLR;Minsk;es
BLZ;Belice;es
BLZ;beliceñ*;es
BLZ;Belmopan;es
BLZ;Belmopán;es
BOL;Bolivia;es
BOL;bolivian*;es
BOL;La Paz;es
BOL;Sucre;es
BRA;Brasil;es
BRA;brasileñ*;es
BRA;brasiler*;es
BRA;Brasilia;es
BRA;Rio de Janeiro;es
BRB;Barbados;es
BRB;barbandens*;es
BRB;Bridgetown;es
BRN;Bandar Seri Begawan;es
BRN;brunean*;es
BRN;Brunei;es
BRN;Brunéi;es
BTN;Bután;es
BTN;butan*;es
BTN;Thimbu;es
BTN;Timbu;es
BWA;botsuan*;es
BWA;Botsuana;es
BWA;botswan*;es
BWA;Botswana;es
BWA;Gaborone;es
CAF;Bangui;es
CAF;centroafrican*;es
CAF;República Centroafricana;es
CAN;Canadá;es
CAN;canadiense*;es
CAN;Ottawa;es
CAN;Quebec;es
CAN;Toronto;es
CHE;Berna;es
CHE;Ginebra;es
CHE;suiz*;es
CHE;Suiza;es
CHE;Zúrich;es
CHL;Chile;es
CHL;chilen*;es
CHL;Santiago de Chile;es
CHN;chin*;es
CHN;China;es
CHN;Pekín;es
CHN;Shanghái;es
CIV;Abiyán;es
CIV;Costa de Marfil;es
CIV;marfileñ*;es
CIV;Yamusukro;es
CMR;Camerún;es
CMR;camerun*;es
CMR;Yaundé;es
COD;congole*;es
COD;Kinsasa;es
COD;Kinshasa;es
COD;República Democrática del Congo;es
COD;zaireñ*;es
COG;Brazzaville;es
COG;congol*;es
COG;congoleñ*;es
COG;República de Congo;es
COG;República del Congo;es
COL;Bogotá;es
COL;Colombia;es
COL;colombian*;es
COM;comoran*;es
COM;Comoras;es
COM;comoren*;es
COM;Moroni;es
CPV;Cabo Verde;es
CPV;caboverdian*;es
CPV;Praia;es
CRI;Costa Rica;es
CRI;costarricens*;es
CRI;San José;es
CUB;Cuba;es
CUB;cuban*;es
CUB;La Habana;es
CYP;Chipre;es
CYP;chipriot*;es
CYP;grecochipriot*;es
CYP;Nicosia;es
CYP;turcochipriot*;es
CZE;chec*;es
CZE;Chequia;es
CZE;Praga;es
CZE;República Checa;es
DEU;alemán;es
DEU;aleman*;es
DEU;Alemania;es
DEU;Berlín;es
DEU;Frankfurt;es
DEU;german*;es
DEU;teut*;es
DJI;Djibouti;es
DJI;Yibuti;es
DJI;Yibuti;es
DJI;yibuti*;es
DMA;Dominica;es
DMA;dominiqu*;es
DMA;Roseau;es
DNK;Copenhague;es
DNK;danés;es
DNK;danes*;es
DNK;Dinamarca;es
DNK;dinamarqu*;es
DOM;dominican*;es
DOM;República Dominicana;es
DOM;Santo Domingo;es
DZA;Argel;es
DZA;Argelia;es
DZA;argelin*;es
ECU;Ecuador;es
ECU;ecuatorian*;es
ECU;Quito;es
EGY;Cairo;es
EGY;egipci*;es
EGY;Egipto;es
EGY;El Cairo;es
ERI;Asmara;es
ERI;eritre*;es
ERI;Eritrea;es
ESP;España;es
ESP;español*;es
ESP;Madrid;es
EST;estoni*;es
EST;Estonia;es
EST;estonian*;es
EST;Tallin;es
ETH;Addis;es
ETH;Adís Abeba;es
ETH;etíop*;es
ETH;Etiopía;es
FIN;finés;es
FIN;fines*;es
FIN;finlandés;es
FIN;finlandes*;es
FIN;Finlandia;es
FIN;Helsinki;es
FJI;Fiji;es
FJI;Fiyi;es
FJI;fiyian*;es
FJI;Suva;es
FLK;Falkland;es
FLK;Islas Malvinas;es
FRA;francés;es
FRA;frances*;es
FRA;Francia;es
FRA;París;es
FRO;feroés;es
FRO;feroes*;es
FRO;Islas Feroé;es
FRO;Islas Feroes;es
FRO;Tórshavn;es
FSM;Estados Federados de Micronesia;es
FSM;micronesi*;es
FSM;Micronesia;es
FSM;Palikir;es
GAB;Gabón;es
GAB;gabon*;es
GAB;Libreville;es
GBR;británic*;es
GBR;Gran Bretaña;es
GBR;Inglaterra;es
GBR;ingleses*;es
GBR;Londres;es
GBR;norirland*;es
GBR;Reino Unido;es
GEO;Georgia;es
GEO;georgian*;es
GEO;Tiflis;es
GGY;guernesian*;es
GGY;Guernsey;es
GGY;Saint Peter Port;es
GHA;Accra;es
GHA;Ghana;es
GHA;ghanés;es
GHA;ghanes*;es
GIN;Conakri;es
GIN;Conakry;es
GIN;Guinea;es
GIN;Guinea-Conakri;es
GIN;guinean*;es
GMB;Banjul;es
GMB;Gambia;es
GMB;gambian*;es
GMB;gambiens*;es
GNB;Bisau;es
GNB;bisauguineano;es
GNB;Bissau;es
GNB;Guinea Bissau;es
GNB;Guinea-Bisáu;es
GNB;Guinea-Bissau;es
GNB;guinean*;es
GNQ;ecuatoguinean*;es
GNQ;Guinea Ecuatorial;es
GNQ;Malabo;es
GRC;Atenas;es
GRC;Grecia;es
GRC;grieg*;es
GRD;Granada;es
GRD;granadin*;es
GRD;Saint George's;es
GRL;groenland*;es
GRL;Groenlandia;es
GRL;Nuuk;es
GTM;Ciudad de Guatemala;es
GTM;Guatemala;es
GTM;guatemalens*;es
GTM;guatemaltec*;es
GUY;guyan*;es
GUY;Guyana;es
GUY;guyanés;es
HKG;Hong Kong;es
HKG;hongkon*;es
HND;Honduras;es
HND;hondureñ*;es
HND;Tegucigalpa;es
HRV;Croacia;es
HRV;croat*;es
HRV;Zagreb;es
HTI;Haití;es
HTI;haitian*;es
HTI;Puerto Príncipe;es
HUN;Budapest;es
HUN;húngar*;es
HUN;Hungría;es
IDN;indonesi*;es
IDN;Indonesia;es
IDN;Yakarta;es
IMN;Isla de Man;es
IMN;manés;es
IMN;manes*;es
IND;Bombay;es
IND;indi*;es
IND;India;es
IND;Mumbai;es
IND;Nueva Delhi;es
IRL;Dublín;es
IRL;Eire;es
IRL;Irlanda;es
IRL;irlandés;es
IRL;irlandes*;es
IRN;Irán;es
IRN;iraní*;es
IRN;Teherán;es
IRQ;Bagdad;es
IRQ;Irak;es
IRQ;Iraq;es
IRQ;iraqu*;es
ISL;islandés;es
ISL;islandes*;es
ISL;Islandia;es
ISL;Reykjavik;es
ISR;Israel;es
ISR;israel*;es
ISR;Jerusalén;es
ISR;Tel Aviv;es
ITA;Italia;es
ITA;italian*;es
ITA;Roma;es
JAM;Jamaica;es
JAM;jamaican*;es
JAM;jamaiquin*;es
JAM;Kingston;es
JEY;Jersey;es
JEY;jerseyés;es
JEY;jerseyes*;es
JEY;Saint Helier;es
JOR;Amán;es
JOR;jordan*;es
JOR;Jordania;es
JPN;Japón;es
JPN;japonés;es
JPN;japones*;es
JPN;nipón;es
JPN;nipon*;es
JPN;Osaka;es
JPN;Tokio;es
KAZ;Astana;es
KAZ;Astaná;es
KAZ;kazaj*;es
KAZ;Kazajistán;es
KEN;Kenia;es
KEN;kenian*;es
KEN;keniat*;es
KEN;Nairobi;es
KGZ;Bishkek;es
KGZ;kirguís;es
KGZ;kirguiz*;es
KGZ;Kirguizistán;es
KHM;Camboya;es
KHM;camboyan*;es
KHM;Nom Pen;es
KHM;Phnom Pehn;es
KIR;kiribatens*;es
KIR;Kiribati;es
KIR;kiribatian*;es
KIR;Tarawa;es
KNA;Basseterre;es
KNA;San Cristóbaly Nieves;es
KNA;sancristobaleñ*;es
KNA;sancristobalens*;es
KOR;Corea del Sur;es
KOR;Seúl;es
KOR;surcorean*;es
KOS;kosovar;es
KOS;Kosovo;es
KOS;Pristina;es
KWT;Kuwait;es
KWT;kuwait*;es
LAO;Laos;es
LAO;laosian*;es
LAO;Vientián;es
LAO;Vientiane;es
LBN;Beirut;es
LBN;liban*;es
LBN;Líbano;es
LBR;Liberia;es
LBR;liberian*;es
LBR;Monrovia;es
LBY;Libia;es
LBY;libia*;es
LBY;libio*;es
LBY;Trípoli;es
LCA;Castries;es
LCA;Santa Lucía;es
LCA;santalucens*;es
LIE;Liechtenstein;es
LIE;liechtensteinian*;es
LIE;liechtentiens*;es
LIE;Vaduz;es
LKA;ceilan*;es
LKA;ceiland*;es
LKA;Colombo;es
LKA;esrilanqu*;es
LKA;Kotte;es
LKA;Sri Jayawardenepura;es
LKA;Sri Lanka;es
LSO;lesotens*;es
LSO;Lesoto;es
LSO;Maseru;es
LTU;lituan*;es
LTU;Lituania;es
LTU;Vilna;es
LTU;Vilnius;es
LUX;Luxemburgo;es
LUX;Luxemburgo;es
LUX;luxemburgu*;es
LVA;letón;es
LVA;leton*;es
LVA;Letonia;es
LVA;Riga;es
MAC;macaens*;es
MAC;Macao;es
MAC;Macao;es
MAR;marroqu*;es
MAR;Marruecos;es
MAR;Rabat;es
MCO;Mónaco;es
MCO;Mónaco;es
MCO;monegasc*;es
MDA;Chisinau;es
MDA;moldav*;es
MDA;Moldavia;es
MDG;Antananarivo;es
MDG;Madagascar;es
MDG;malgach*;es
MDV;maldiv*;es
MDV;Maldivas;es
MDV;Malé;es
MEX;Ciudad de México;es
MEX;Distrito Federal;es
MEX;mejican*;es
MEX;Méjico;es
MEX;mexican*;es
MEX;México;es
MEX;México DF;es
MHL;Islas Marshall;es
MHL;Majuro;es
MHL;marshalés;es
MHL;marshales*;es
MKD;macedoni*;es
MKD;Macedonia;es
MKD;Skopie;es
MKD;Skopje;es
MLI;Bamako;es
MLI;Malí;es
MLI;malí;es
MLI;maliens*;es
MLI;malíes;es
MLT;La Valeta;es
MLT;La Valletta;es
MLT;Malta;es
MLT;maltés;es
MLT;maltes*;es
MMR;birman*;es
MMR;Birmania;es
MMR;Myanmar;es
MMR;Naipyidó;es
MMR;Yangón;es
MNE;Montenegro;es
MNE;montenigrin*;es
MNE;Podgorica;es
MNG;mongol*;es
MNG;Mongolia;es
MNG;Ulán Bator;es
MOZ;Maputo;es
MOZ;Mozambique;es
MOZ;mozambiqueñ*;es
MRT;mauritan*;es
MRT;Mauritania;es
MRT;Nuakchot;es
MUS;maurician*;es
MUS;Mauricio;es
MUS;Port Louis;es
MWI;Lilongüe;es
MWI;Lilongwe;es
MWI;malau*;es
MWI;Malaui;es
MWI;Malawi;es
MYS;Kuala Lumpur;es
MYS;malasi*;es
MYS;Malasia;es
MYS;malay*;es
MYS;Putrajaya;es
NCL;neocaledoni*;es
NCL;Nueva Caledonia;es
NCL;Numea;es
NER;Niamey;es
NER;Niger;es
NER;Níger;es
NER;nigerin*;es
NGA;Abuja;es
NGA;Abuya;es
NGA;Nigeria;es
NGA;nigerian*;es
NIC;Managua;es
NIC;Nicaragua;es
NIC;nicaragüens*;es
NLD;Amsterdam;es
NLD;Ámsterdam;es
NLD;holand*;es
NLD;Holanda;es
NLD;La Haya;es
NLD;neerland*;es
NLD;Países Bajos;es
NOR;norueg*;es
NOR;Noruega;es
NOR;Oslo;es
NPL;Katmandú;es
NPL;Nepal;es
NPL;nepal*;es
NRU;Nauru;es
NRU;nauruan*;es
NRU;Yaren;es
NZL;Auckland;es
NZL;neozeland*;es
NZL;Nueva Zelanda;es
NZL;Nueva Zelandia;es
NZL;Wellington;es
OMN;Mascat;es
OMN;Mascate;es
OMN;Omán;es
OMN;oman*;es
PAK;Islamabad;es
PAK;Pakistán;es
PAK;pakistan*;es
PAK;Paquistán;es
PAK;paquistan*;es
PAN;Ciudad de Panamá;es
PAN;Panamá;es
PAN;panameñ*;es
PER;Lima;es
PER;Perú;es
PER;peruan*;es
PHL;filipin*;es
PHL;Filipinas;es
PHL;Manila;es
PLW;Melekeok;es
PLW;Palaos;es
PLW;Palau;es
PLW;palauan*;es
PNG;papú*;es
PNG;Papúa Nueva Guinea;es
PNG;Port Moresby;es
POL;polac*;es
POL;Polonia;es
POL;Varsovia;es
PRI;portorriqueñ*;es
PRI;Puerto Rico;es
PRI;puertorriqueñ*;es
PRI;San Juan;es
PRK;Corea del Norte;es
PRK;norcorean*;es
PRK;Pionyang;es
PRK;Pyongyang;es
PRT;Lisboa;es
PRT;Portugal;es
PRT;portugu*;es
PRY;Asunción;es
PRY;Paraguay;es
PRY;paraguay*;es
PSE;Cisjordania;es
PSE;Ciudad de Gaza;es
PSE;Gaza;es
PSE;palestin*;es
PSE;Palestina;es
PSE;Territorios Palestinos;es
QAT;Catar;es
QAT;catar*;es
QAT;Doha;es
QAT;Qatar;es
QAT;qatar*;es
ROU;Bucarest;es
ROU;ruman*;es
ROU;Rumania;es
RUS;Moscú;es
RUS;rus*;es
RUS;Rusia;es
RWA;Kigali;es
RWA;ruand*;es
RWA;Ruanda;es
SAH;El Aaiún;es
SAH;Sáhara Occidental;es
SAH;saharui*;es
SAU;Arabia Saudita;es
SAU;Riad;es
SAU;saudí*;es
SAU;saudit*;es
SDN;Jartum;es
SDN;Sudán;es
SDN;sudanés;es
SDN;sudanesa*;es
SDN;sudanese*;es
SEN;Dakar;es
SEN;Senegal;es
SEN;senegal*;es
SGP;Singapur;es
SGP;singapurens*;es
SLB;Honiara;es
SLB;Islas Salomón;es
SLB;salomonens*;es
SLE;Freetown;es
SLE;Sierra Leona;es
SLE;sierraleon*;es
SLV;El Salvador;es
SLV;salvadoreñ*;es
SLV;San Salvador;es
SMR;Ciudad de San Marino;es
SMR;San Marino;es
SMR;sanmarinense;es
SOM;Mogadiscio;es
SOM;somal*;es
SOM;Somalia;es
SRB;Belgrado;es
SRB;serbi*;es
SRB;Serbia;es
SSD;Juba;es
SSD;Sudán del Sur;es
SSD;sursudan*;es
SSD;Yuba;es
STP;Santo Tomé;es
STP;Santo Tomé y Príncipe;es
STP;santotomense;es
STP;São Tomé;es
SUR;Paramaribo;es
SUR;Surinam;es
SUR;surinam*;es
SVK;Bratislava;es
SVK;eslovac*;es
SVK;Eslovaquia;es
SVN;esloven*;es
SVN;Eslovenia;es
SVN;Liubliana;es
SWE;Estocolmo;es
SWE;suec*;es
SWE;Suecia;es
SWZ;Lobamba;es
SWZ;Mbabane;es
SWZ;suazi;es
SWZ;Suazilandia;es
SYC;seychelens*;es
SYC;seychellens*;es
SYC;Seychelles;es
SYR;Damasco;es
SYR;siria;es
SYR;Siria;es
SYR;sirio;es
TCD;Chad;es
TCD;chadian*;es
TCD;N'Djamena;es
TCD;Yamena;es
TGO;Lomé;es
TGO;Togo;es
TGO;togol*;es
THA;Bangkok;es
THA;tailand*;es
THA;Tailandia;es
TJK;Dusambé;es
TJK;Dushanbe;es
TJK;tayik*;es
TJK;Tayikistán;es
TKM;Ashgabat;es
TKM;Asjabad;es
TKM;turcoman*;es
TKM;turkmen*;es
TKM;Turkmenistán;es
TLS;Dili;es
TLS;Timor Oriental;es
TLS;timorens*;es
TON;Nuku'alofa;es
TON;Nukualofa;es
TON;Tonga;es
TON;tongan*;es
TTO;Puerto de España;es
TTO;Trinidad y Tobago;es
TTO;trinitari*;es
TTO;trinitens*;es
TUN;tunecin*;es
TUN;Túnez;es
TUN;Túnez;es
TUR;Ankara;es
TUR;Estambul;es
TUR;turc*;es
TUR;Turquía;es
TUV;Funafuti;es
TUV;Tuvalu;es
TUV;tuvaluan*;es
TWN;Taipei;es
TWN;Taiwan;es
TWN;Taiwán;es
TWN;taiwan*;es
TZA;Dar es-Salam;es
TZA;Dodoma;es
TZA;tanzan*;es
TZA;Tanzania;es
TZA;Zanbíbar;es
UGA;Kampala;es
UGA;ugand*;es
UGA;Uganda;es
UKR;Kiev;es
UKR;Ucrania;es
UKR;ucranian*;es
URY;Montevideo;es
URY;Uruguay;es
URY;uruguay*;es
USA;EE.UU;es
USA;EEUU;es
USA;Estados Unidos;es
USA;estadounidens*;es
USA;estadunidens*;es
USA;Nueva York;es
USA;Washington;es
UZB;Tashkent;es
UZB;Taskent;es
UZB;uzbek*;es
UZB;Uzbekistán;es
VAT;Santa Sede;es
VAT;vatican*;es
VAT;Vaticano;es
VCT;Kingstown;es
VCT;San Vicente y las Granadinas;es
VCT;sanvicentin*;es
VEN;Caracas;es
VEN;venezolan*;es
VEN;Venezuela;es
VNM;Hanoi;es
VNM;Hanói;es
VNM;Ho Chi Minh;es
VNM;Vietnam;es
VNM;vietnamit*;es
VUT;Port Vila;es
VUT;Vanuatu;es
VUT;vanuatuens*;es
WSM;Apia;es
WSM;Samoa;es
WSM;Samoa Occidental;es
WSM;samoan*;es
YEM;Saná;es
YEM;Sanaa;es
YEM;Yemen;es
YEM;yemenit*;es
ZAF;Ciudad del Cabo;es
ZAF;Johannesburgo;es
ZAF;Pretoria;es
ZAF;Sudáfrica;es
ZAF;sudafrican*;es
ZMB;Lusaka;es
ZMB;Zambia;es
ZMB;zambian*;es
ZWE;Harare;es
ZWE;zimbabu*;es
ZWE;Zimbabue;es
ZWE;Zimbabwe;es
AFG;afghan*;fr
AFG;Afghan*;fr
AFG;Afghanistan;fr
AFG;Kaboul;fr
AGO;Angola;fr
AGO;angolais*;fr
AGO;Angolais*;fr
AGO;Luanda;fr
ALB;albanais*;fr
ALB;Albanais*;fr
ALB;Albanie;fr
ALB;Tirana;fr
AND;andorran*;fr
AND;Andorran*;fr
AND;Andorre;fr
ARE;Abou Dabi;fr
ARE;Abu Dhabi;fr
ARE;Dubai;fr
ARE;Dubaï;fr
ARE;ÉAU;fr
ARE;Éé;fr
ARE;Emirats arabes unis;fr
ARE;Émirats arabes unis;fr
ARE;émirien*;fr
ARE;Émirien*;fr
ARG;argentin*;fr
ARG;Argentin*;fr
ARG;Argentine;fr
ARG;Buenos Aires;fr
ARM;Arménie;fr
ARM;arménien*;fr
ARM;Arménien*;fr
ARM;Erevan;fr
ATA;Antarctique;fr
ATG;Antigua et Barbuda;fr
ATG;antiguayen*;fr
ATG;Antiguayen*;fr
ATG;barbudéen*;fr
ATG;Barbudéen*;fr
AUS;Australie;fr
AUS;australien*;fr
AUS;Australien*;fr
AUS;Canberra;fr
AUS;Sydney;fr
AUT;Autriche;fr
AUT;autrichien*;fr
AUT;Autrichien*;fr
AUT;Vienne;fr
AZE;Azerbaïdjan;fr
AZE;azerbaïdjanais*;fr
AZE;Azerbaïdjanais*;fr
AZE;azéri*;fr
AZE;Azéri*;fr
AZE;Bakou;fr
BDI;Bujumbura;fr
BDI;burundais*;fr
BDI;Burundais*;fr
BDI;Burundi;fr
BEL;belge*;fr
BEL;Belge*;fr
BEL;Belgique;fr
BEL;Bruxelles;fr
BEN;Benin;fr
BEN;beninois*;fr
BEN;Beninois*;fr
BEN;Porto Novo;fr
BFA;Burkina Faso;fr
BFA;burkinabe;fr
BFA;Ouagadougou;fr
BGD;bangladais*;fr
BGD;Bangladais*;fr
BGD;Bangladesh;fr
BGD;bengali*;fr
BGD;Bengali*;fr
BGD;Dacca;fr
BGD;Dhaka;fr
BGR;bulgare*;fr
BGR;Bulgare*;fr
BGR;Bulgarie;fr
BGR;Sofia;fr
BHR;Bahrain;fr
BHR;Bahreïn;fr
BHR;bahreïnien*;fr
BHR;Bahreïnien*;fr
BHR;Manama;fr
BHS;Bahamas;fr
BHS;bahaméen*;fr
BHS;Bahaméen*;fr
BHS;Nassau;fr
BIH;Bonsie-Herzégovine;fr
BIH;bosniaque*;fr
BIH;Bosniaque*;fr
BIH;Bosnie;fr
BIH;Herzegovine;fr
BIH;Sarajevo;fr
BLR;Belarus;fr
BLR;biélorusse*;fr
BLR;Biélorusse*;fr
BLR;Biélorussie;fr
BLR;Minsk;fr
BLZ;Belize;fr
BLZ;bélizien*;fr
BLZ;Bélizien*;fr
BLZ;Belmopan;fr
BOL;Bolivie;fr
BOL;bolivien*;fr
BOL;Bolivien*;fr
BOL;La Paz;fr
BOL;Sucre;fr
BRA;Brasilia;fr
BRA;Brésil;fr
BRA;brésilien*;fr
BRA;Brésilien*;fr
BRA;Rio;fr
BRA;Sao Paulo;fr
BRB;Barbade;fr
BRB;barbadien*;fr
BRB;Barbadien*;fr
BRB;Bridgetown;fr
BRN;Brunei;fr
BRN;brunéien*;fr
BRN;Brunéien*;fr
BTN;Bhoutan;fr
BTN;bhoutanais*;fr
BTN;Bhoutanais*;fr
BTN;Thimphou;fr
BTN;Thimphu;fr
BWA;Botswana;fr
BWA;botswanais*;fr
BWA;Botswanais*;fr
BWA;Gaborone;fr
CAF;Bangui;fr
CAF;centrafricain*;fr
CAF;Centrafricain*;fr
CAF;Centrafrique;fr
CAF;République centrafricaine;fr
CAN;Canada;fr
CAN;canadien*;fr
CAN;Canadien*;fr
CAN;Ottawa;fr
CAN;Quebec;fr
CAN;Québec;fr
CAN;Toronto;fr
CHE;Berne;fr
CHE;helvète*;fr
CHE;Helvète*;fr
CHE;helvétique;fr
CHE;Suisse;fr
CHE;suisse*;fr
CHE;Suisse*;fr
CHE;Zurich;fr
CHL;Chili;fr
CHL;chilien*;fr
CHL;Chilien*;fr
CHL;Santiago du Chili;fr
CHN;Changhaï;fr
CHN;Chine;fr
CHN;chinois*;fr
CHN;Chinois*;fr
CHN;Pékin;fr
CHN;Shanghai;fr
CHN;Shanghaï;fr
CIV;Abidjan;fr
CIV;Côte d'Ivoire;fr
CIV;ivoirien*;fr
CIV;Ivoirien*;fr
CIV;Yamoussoukro;fr
CMR;Cameroun;fr
CMR;camerounais*;fr
CMR;Camerounais*;fr
CMR;Yaounde;fr
CMR;Yaoundé;fr
COD;Congo RD;fr
COD;Kinshasa;fr
COD;RD Congo;fr
COD;RDC;fr
COD;République Démocratique du Congo;fr
COG;Brazzaville;fr
COG;Congo-Brazzaville;fr
COG;Congolais*;fr
COG;Congolais*;fr
COG;République du Congo;fr
COL;Bogota;fr
COL;Colombie;fr
COL;colombien*;fr
COL;Colombien*;fr
COM;Comores;fr
COM;comorien*;fr
COM;Comorien*;fr
COM;Moroni;fr
CPV;cap-verdien*;fr
CPV;Cap-verdien*;fr
CPV;Cap-Vert;fr
CPV;capverdien*;fr
CPV;Capverdien*;fr
CPV;Praia;fr
CRI;Costa Rica;fr
CRI;costaricain*;fr
CRI;Costaricain*;fr
CRI;costaricien*;fr
CRI;Costaricien*;fr
CRI;San Jose;fr
CRI;Ticos;fr
CUB;Cuba;fr
CUB;cubain*;fr
CUB;Cubain*;fr
CUB;La Havane;fr
CYP;Chypre;fr
CYP;chypriot*;fr
CYP;Chypriot*;fr
CYP;Nicosie;fr
CZE;Prague;fr
CZE;république tchèque;fr
CZE;République Tchèque;fr
CZE;tchèque*;fr
CZE;Tchèque*;fr
CZE;Tchéquie;fr
DEU;Allemagne;fr
DEU;allemand*;fr
DEU;Allemand*;fr
DEU;Berlin;fr
DEU;Francfort;fr
DJI;Djibouti;fr
DJI;Djiboutien*;fr
DJI;Djiboutien*;fr
DMA;Commonwealth de Dominica;fr
DMA;Commonwealth Dominicain*;fr
DMA;Roseau;fr
DNK;Copenhague;fr
DNK;Danemark;fr
DNK;danois*;fr
DNK;Danois*;fr
DOM;dominicain*;fr
DOM;Dominicain*;fr
DOM;République dominicaine;fr
DOM;Saint-Domingue;fr
DOM;Santo Domingo;fr
DZA;Alger;fr
DZA;Algerie;fr
DZA;algerien*;fr
DZA;Algerien*;fr
ECU;Equateur;fr
ECU;Équateur;fr
ECU;equatorien*;fr
ECU;Equatorien*;fr
ECU;équatorien*;fr
ECU;Équatorien*;fr
ECU;Quito;fr
EGY;Caire;fr
EGY;Egypte;fr
EGY;Égypte;fr
EGY;egyptien*;fr
EGY;Egyptien*;fr
EGY;Égyptien*;fr
EGY;Égyptien*;fr
EGY;Le Caire;fr
ERI;Asmara;fr
ERI;Erithrée;fr
ERI;érithréen*;fr
ERI;Érithréen*;fr
ESP;Barcelone;fr
ESP;Espagne;fr
ESP;espagnol*;fr
ESP;Espagnol*;fr
ESP;Madrid;fr
EST;Estonie;fr
EST;estonien*;fr
EST;Estonien*;fr
EST;Tallinn;fr
ETH;Addis Ababa;fr
ETH;Ethiopie;fr
ETH;éthiopien*;fr
ETH;Éthiopien*;fr
FIN;finlandais;fr
FIN;Finlande;fr
FIN;Finnois*;fr
FIN;Finnois*;fr
FIN;Helsinki;fr
FJI;Fidji;fr
FJI;fidjien*;fr
FJI;Fidjien*;fr
FLK;Falkland Island*;fr
FLK;Falkland Islands;fr
FLK;Îles Falklands;fr
FLK;îles Falklands;fr
FLK;îles Malouines;fr
FLK;Îles Malouines;fr
FRA;français*;fr
FRA;Français*;fr
FRA;France;fr
FRA;Paris;fr
FRO;Féroé;fr
FRO;féroïen*;fr
FRO;Féroïen*;fr
FRO;Torshavn;fr
FSM;Micronesie;fr
FSM;micronesien*;fr
FSM;Micronesien*;fr
FSM;Palikir;fr
GAB;Gabon;fr
GAB;gabonais*;fr
GAB;Gabonais*;fr
GAB;Libreville;fr
GBR;anglais*;fr
GBR;Anglais*;fr
GBR;britannique*;fr
GBR;Britannique*;fr
GBR;Grande-Bretagne;fr
GBR;Londres;fr
GBR;Royaume-Uni;fr
GEO;Géorgie;fr
GEO;géorgien*;fr
GEO;Géorgien*;fr
GEO;Tbilisi;fr
GEO;Tbilissi;fr
GGY;Guernesey;fr
GGY;guernesiais*;fr
GGY;Guernesiais*;fr
GGY;Saint Peter Port;fr
GGY;St Peter Port;fr
GHA;Accra;fr
GHA;Ghana;fr
GHA;ghanéen*;fr
GHA;Ghanéen*;fr
GIN;Conakry;fr
GIN;Guinée;fr
GIN;guinéen*;fr
GIN;Guinéen*;fr
GMB;Banjul;fr
GMB;Gambie;fr
GMB;gambien*;fr
GMB;Gambien*;fr
GNB;bissaoguinéen*;fr
GNB;Bissaoguinéen*;fr
GNB;Bissau;fr
GNB;Guinée-Bissau;fr
GNQ;Équato guinéen*;fr
GNQ;Équato-guinéen*;fr
GNQ;Équato-guinéen*;fr
GNQ;équato-guinéen*;fr
GNQ;Équato-guinéen*;fr
GNQ;Équato-guinéen*;fr
GNQ;équatoguinéen*;fr
GNQ;Équatoguinéen*;fr
GNQ;Guinée équatoriale;fr
GNQ;Guinée-Équatoriale;fr
GNQ;Malabo;fr
GRC;Athènes;fr
GRC;grec;fr
GRC;Grèce;fr
GRC;grecque*;fr
GRC;Grecque*;fr
GRC;grecs;fr
GRD;Grenada;fr
GRD;Grenadien*;fr
GRD;Grenadien*;fr
GRD;Saint George's;fr
GRD;St George's;fr
GRL;Groenland;fr
GRL;groenlandais*;fr
GRL;Groenlandais*;fr
GRL;Nuuk;fr
GTM;Guatemala;fr
GTM;Guatemala City;fr
GTM;guatémaltèque*;fr
GTM;Guatémaltèque*;fr
GUY;Georgetown;fr
GUY;Guyana;fr
GUY;guyanien*;fr
GUY;Guyanien*;fr
HKG;Hong Kong;fr
HKG;Hong-Kong;fr
HKG;hongkongais*;fr
HKG;Hongkongais*;fr
HND;Honduras;fr
HND;hondurien*;fr
HND;Hondurien*;fr
HND;Tegucigalpa;fr
HRV;croate*;fr
HRV;Croate*;fr
HRV;Croatie;fr
HRV;Zagreb;fr
HTI;Haiti;fr
HTI;Haïti;fr
HTI;haïtien*;fr
HTI;Haïtien*;fr
HTI;Port au Prince;fr
HTI;Port-au-Prince;fr
HUN;Budapest;fr
HUN;Hongrie;fr
HUN;hongrois*;fr
HUN;Hongrois*;fr
IDN;Djakarta;fr
IDN;Indonesie;fr
IDN;indonesien*;fr
IDN;Indonesien*;fr
IDN;Jakarta;fr
IMN;Île de Man;fr
IMN;île de Man;fr
IMN;mannois*;fr
IMN;Mannois*;fr
IND;Bombay;fr
IND;Inde;fr
IND;indien*;fr
IND;Indien*;fr
IND;Mumbai;fr
IND;New Delhi;fr
IRL;Dublin;fr
IRL;irlandais*;fr
IRL;Irlandais*;fr
IRL;Irlande;fr
IRN;Iran;fr
IRN;iranien*;fr
IRN;Iranien*;fr
IRN;Téhéran;fr
IRQ;Bagdad;fr
IRQ;Irak;fr
IRQ;irakien*;fr
IRQ;Irakien*;fr
ISL;islandais*;fr
ISL;Islandais*;fr
ISL;Islande;fr
ISL;Reykjavik;fr
ISR;Israel;fr
ISR;Israël;fr
ISR;israélien*;fr
ISR;Israélien*;fr
ISR;Jérusalem;fr
ITA;Italie;fr
ITA;italien*;fr
ITA;Italien*;fr
ITA;Rome;fr
JAM;jamaicain*;fr
JAM;Jamaicain*;fr
JAM;jamaïcain*;fr
JAM;Jamaïcain*;fr
JAM;Jamaique;fr
JAM;Jamaïque;fr
JAM;Kingston;fr
JEY;Jersey;fr
JEY;jersiais*;fr
JEY;Jersiais*;fr
JOR;Amman;fr
JOR;Jordanie;fr
JOR;jordanien*;fr
JOR;Jordanien*;fr
JPN;Japon;fr
JPN;japonais*;fr
JPN;Japonais*;fr
JPN;Tokyo;fr
KAZ;Astana;fr
KAZ;kazakh*;fr
KAZ;Kazakh*;fr
KAZ;Kazakhstan;fr
KEN;Kenya;fr
KEN;kenyan*;fr
KEN;Kenyan*;fr
KEN;Nairobi;fr
KGZ;Bishkek;fr
KGZ;kyrgyz*;fr
KGZ;Kyrgyz*;fr
KGZ;Kyrgyzstan;fr
KHM;Cambodge;fr
KHM;cambodgien*;fr
KHM;Cambodgien*;fr
KHM;Phnom Penh;fr
KIR;Kiribati;fr
KIR;kiribatien*;fr
KIR;Kiribatien*;fr
KIR;Tarawa;fr
KNA;Basseterre;fr
KNA;kittitien*;fr
KNA;Kittitien*;fr
KNA;nevisien*;fr
KNA;Nevisien*;fr
KNA;Saint Kitts et Nevis;fr
KNA;Saint-Christophe-et-Niévès;fr
KNA;Saint-Kitts-et-Nevis;fr
KOR;Corée du Sud;fr
KOR;Corées;fr
KOR;république de Corée;fr
KOR;Seoul;fr
KOR;Séoul;fr
KOR;sud-coréen*;fr
KOR;Sud-coréen*;fr
KOS;kosovar*;fr
KOS;Kosovar*;fr
KOS;Kosovo;fr
KOS;Pristina;fr
KWT;Koweit;fr
KWT;Koweït;fr
KWT;koweïtien;fr
KWT;koweitien*;fr
KWT;Koweitien*;fr
KWT;ville de Koweit;fr
LAO;Laos;fr
LAO;laotien*;fr
LAO;Laotien*;fr
LAO;Vientiane;fr
LBN;Beyrouth;fr
LBN;Liban;fr
LBN;libanais*;fr
LBN;Libanais*;fr
LBR;Liberia;fr
LBR;liberien*;fr
LBR;Liberien*;fr
LBR;Monrovia;fr
LBY;Libye;fr
LBY;libyen*;fr
LBY;Libyen*;fr
LBY;Tripoli;fr
LCA;Saint Lucian*;fr
LCA;Saint Lucian*;fr
LCA;Saint-lucien*;fr
LCA;Saint-lucien*;fr
LCA;Sainte Lucie;fr
LCA;Sainte-Lucie;fr
LCA;Ste Lucie;fr
LIE;Liechtenstein;fr
LIE;liechtensteinois*;fr
LIE;Vaduz;fr
LKA;Colombo;fr
LKA;Sri Lanka;fr
LKA;sri lankais*;fr
LKA;Sri lankais*;fr
LSO;lesothan*;fr
LSO;Lesothan*;fr
LSO;lésothan*;fr
LSO;Lésothan*;fr
LSO;lesothien*;fr
LSO;Lesothien*;fr
LSO;lésothien*;fr
LSO;Lésothien*;fr
LSO;Lesotho;fr
LSO;Maseru;fr
LTU;Lituanie;fr
LTU;lituanien*;fr
LTU;Lituanien*;fr
LTU;Vilnius;fr
LUX;Luxembourg;fr
LUX;luxembourgeois*;fr
LUX;Luxembourgeois*;fr
LVA;letton*;fr
LVA;Letton*;fr
LVA;Lettonie;fr
LVA;Riga;fr
MAC;Macanais*;fr
MAC;Macanais*;fr
MAC;macanéen*;fr
MAC;Macanéen*;fr
MAC;Macao;fr
MAC;Macau;fr
MAR;Maroc;fr
MAR;marocain*;fr
MAR;Marocain*;fr
MAR;Rabat;fr
MCO;Monaco;fr
MCO;monégasque*;fr
MCO;Monégasque*;fr
MDA;Chisinau;fr
MDA;moldave*;fr
MDA;Moldave*;fr
MDA;Moldavie;fr
MDG;Antananarivo;fr
MDG;Madagascar;fr
MDG;malgache*;fr
MDG;Malgache*;fr
MDG;Tananarive;fr
MDV;Maldives;fr
MDV;maldivien*;fr
MDV;Maldivien*;fr
MEX;mexicain*;fr
MEX;Mexicain*;fr
MEX;Mexico;fr
MEX;Mexico City;fr
MEX;Mexique;fr
MHL;Îles Marshall;fr
MHL;îles Marshall;fr
MHL;Majuro;fr
MHL;marshallais*;fr
MHL;Marshallais*;fr
MKD;Macedoine;fr
MKD;macedonien*;fr
MKD;Macedonien*;fr
MKD;Skopje;fr
MLI;Bamako;fr
MLI;Mali;fr
MLI;malien*;fr
MLI;Malien*;fr
MLT;La Valette;fr
MLT;maltais*;fr
MLT;Maltais*;fr
MLT;Malte;fr
MLT;Valletta;fr
MMR;birman*;fr
MMR;Birman*;fr
MMR;Birmanie;fr
MMR;Myanmar;fr
MMR;Naypyidaw;fr
MMR;Rangoon;fr
MMR;Yangon;fr
MNE;montenegrin*;fr
MNE;Montenegrin*;fr
MNE;Montenegro;fr
MNE;Podgorica;fr
MNG;mongol*;fr
MNG;Mongol*;fr
MNG;Mongolie;fr
MNG;Oulan-Bator;fr
MNG;Ulan Bator;fr
MOZ;Maputo;fr
MOZ;mozambicain*;fr
MOZ;Mozambicain*;fr
MOZ;Mozambique;fr
MRT;Mauritanie;fr
MRT;mauritanien*;fr
MRT;Mauritanien*;fr
MRT;Nouakchott;fr
MUS;Maurice;fr
MUS;mauricien*;fr
MUS;Mauricien*;fr
MUS;Port Louis;fr
MUS;Port-Louis;fr
MWI;Lilongwe;fr
MWI;Malawi;fr
MWI;malawien*;fr
MWI;Malawien*;fr
MYS;Kuala Lumpur;fr
MYS;Malaisie;fr
MYS;malaisien*;fr
MYS;Malaisien*;fr
MYS;Putrajaya;fr
NCL;néo-calédonien*;fr
NCL;Néo-calédonien*;fr
NCL;Noumea;fr
NCL;Nouvelle Calédonie;fr
NCL;Nouvelle-Calédonie;fr
NER;Niamey;fr
NER;Niger;fr
NER;nigerien*;fr
NER;Nigerien*;fr
NER;nigérien*;fr
NER;Nigérien*;fr
NGA;Abuja;fr
NGA;Lagos;fr
NGA;Nigeria;fr
NGA;Nigerian*;fr
NGA;Nigerian*;fr
NIC;Managua;fr
NIC;Nicaragua;fr
NIC;nicaraguai*;fr
NIC;Nicaraguai*;fr
NIC;nicaraguayen*;fr
NIC;Nicaraguayen*;fr
NLD;Amsterdam;fr
NLD;hollandais*;fr
NLD;Hollandais*;fr
NLD;néerlandais*;fr
NLD;Néerlandais*;fr
NLD;Pays-Bas;fr
NOR;Norvège;fr
NOR;norvégien*;fr
NOR;Norvégien*;fr
NOR;Oslo;fr
NPL;Kathmandu;fr
NPL;Katmandou;fr
NPL;Katmandu;fr
NPL;Népal;fr
NPL;nepalais*;fr
NPL;Nepalais*;fr
NPL;népalais*;fr
NPL;Népalais*;fr
NRU;Nauru;fr
NRU;nauruan*;fr
NRU;Nauruan*;fr
NRU;Yaren;fr
NZL;Auckland;fr
NZL;néo-zélandais*;fr
NZL;Néo-zélandais*;fr
NZL;néozélandais;fr
NZL;Nouvelle Zélande;fr
NZL;Nouvelle-Zélande;fr
NZL;Wellington;fr
OMN;Mascate;fr
OMN;Oman;fr
OMN;omanais*;fr
OMN;Omanais*;fr
PAK;Islamabad;fr
PAK;Pakistan;fr
PAK;pakistanais*;fr
PAK;Pakistanais*;fr
PAN;Panama;fr
PAN;Panama City;fr
PAN;panaméen*;fr
PAN;Panaméen*;fr
PER;Lima;fr
PER;Perou;fr
PER;peruvien*;fr
PER;Peruvien*;fr
PER;péruvien*;fr
PER;Péruvien*;fr
PHL;Manille;fr
PHL;philippin*;fr
PHL;Philippin*;fr
PHL;Philippines;fr
PLW;Melekeok;fr
PLW;Palaos;fr
PLW;Palau;fr
PLW;paluan*;fr
PLW;Paluan*;fr
PNG;Papouasie Nouvelle Guinée;fr
PNG;Papouasie-Nouvelle-Guinée;fr
PNG;papouasien*;fr
PNG;Papouasien*;fr
PNG;Port Moresby;fr
POL;Pologne;fr
POL;polonais*;fr
POL;Polonais*;fr
POL;Varsovie;fr
PRI;Porto Rico;fr
PRI;portoricain*;fr
PRI;Portoricain*;fr
PRI;San Juan;fr
PRK;Corée du Nord;fr
PRK;Corées;fr
PRK;nord-coréen*;fr
PRK;Nord-coréen*;fr
PRK;Pyongyang;fr
PRK;république populaire démocratique de Corée;fr
PRK;RPDC;fr
PRT;Lisbonne;fr
PRT;portugais*;fr
PRT;Portugais*;fr
PRT;Portugal;fr
PRY;Asuncion;fr
PRY;Paraguay;fr
PRY;paraguayen*;fr
PRY;Paraguayen*;fr
PSE;Cisjordanie;fr
PSE;cisjordanien*;fr
PSE;Cisjordanien*;fr
PSE;Gaza;fr
PSE;Gazaoui*;fr
PSE;Gazaoui*;fr
PSE;Palestine;fr
PSE;palestinien*;fr
PSE;Palestinien*;fr
QAT;Doha;fr
QAT;Qatar;fr
QAT;Qatari*;fr
QAT;Qatari*;fr
QAT;qatarien*;fr
QAT;Qatarien*;fr
QAT;qatariote*;fr
QAT;Qatariote*;fr
ROU;Bucarest;fr
ROU;roumain*;fr
ROU;Roumain*;fr
ROU;Roumanie;fr
RUS;Moscou;fr
RUS;russe*;fr
RUS;Russe*;fr
RUS;Russie;fr
RWA;Kigali;fr
RWA;Rwanda;fr
RWA;rwandais*;fr
RWA;Rwandais*;fr
SAH;Ayoun;fr
SAH;El Ayoun;fr
SAH;Laâyoune;fr
SAH;Sahara occidental;fr
SAH;Sahara Occidental;fr
SAH;sarahoui*;fr
SAH;Sarahoui*;fr
SAU;Arabie Saoudite;fr
SAU;Riyad;fr
SAU;Riyadh;fr
SAU;saoudien*;fr
SAU;Saoudien*;fr
SDN;Khartoum;fr
SDN;Soudan;fr
SDN;soudanais*;fr
SDN;Soudanais*;fr
SEN;Dakar;fr
SEN;Senegal;fr
SEN;sénégalais;fr
SEN;senegalais*;fr
SEN;Senegalais*;fr
SGP;Singapour;fr
SGP;singapourien*;fr
SGP;Singapourien*;fr
SLB;Honiara;fr
SLB;îles Salomon;fr
SLB;Îles Salomon;fr
SLB;salomonais*;fr
SLB;Salomonais*;fr
SLB;salomonien*;fr
SLB;Salomonien*;fr
SLE;Freetown;fr
SLE;sierra leonais*;fr
SLE;Sierra leonais*;fr
SLE;sierra léonais*;fr
SLE;Sierra léonais*;fr
SLE;Sierra Leone;fr
SLV;Salvador;fr
SLV;salvadorien*;fr
SLV;Salvadorien*;fr
SMR;Saint Marin;fr
SMR;Saint-Marin;fr
SMR;Saint-marinais*;fr
SMR;Saint-marinais*;fr
SOM;Mogadiscio;fr
SOM;Mogadishu;fr
SOM;Somali*;fr
SOM;Somali*;fr
SOM;Somalie;fr
SOM;somalien*;fr
SOM;Somalien*;fr
SRB;Belgrade;fr
SRB;serbe*;fr
SRB;Serbe*;fr
SRB;Serbie;fr
SSD;Juba;fr
SSD;Soudan du Sud;fr
SSD;Sud-Soudan;fr
SSD;sud-soudanais*;fr
SSD;Sud-soudanais*;fr
STP;Sao Tomé-et-Principe;fr
STP;São Tomé-et-Príncipe;fr
STP;Sao Toméen*;fr
STP;Sao toméen*;fr
SUR;Paramaribo;fr
SUR;surinamais*;fr
SUR;Surinamais*;fr
SUR;Suriname;fr
SUR;surinamien*;fr
SUR;Surinamien*;fr
SVK;Bratislava;fr
SVK;slovaqu*;fr
SVK;Slovaqu*;fr
SVK;Slovaquie;fr
SVN;Ljubljana;fr
SVN;slovène*;fr
SVN;Slovène*;fr
SVN;Slovénie;fr
SWE;Stockholm;fr
SWE;Suède;fr
SWE;suédois*;fr
SWE;Suédois*;fr
SWZ;Lobamba;fr
SWZ;Mbabane;fr
SWZ;swazi*;fr
SWZ;Swazi*;fr
SWZ;Swaziland;fr
SYC;Seychelles;fr
SYC;seychellois*;fr
SYC;Seychellois*;fr
SYR;Damas;fr
SYR;Syrie;fr
SYR;syrien*;fr
SYR;Syrien*;fr
TCD;N'Djamena;fr
TCD;N'Djaména;fr
TCD;Ndjamena;fr
TCD;Tchad;fr
TCD;tchadien*;fr
TCD;Tchadien*;fr
TGO;Lome;fr
TGO;Lomé;fr
TGO;Togo;fr
TGO;togolais*;fr
TGO;Togolais*;fr
THA;Bangkok;fr
THA;thaïlandais*;fr
THA;Thaïlandais*;fr
THA;Thaïlande;fr
TJK;Dushanbe;fr
TJK;tajik*;fr
TJK;Tajik*;fr
TJK;Tajikistan;fr
TKM;Ashhabad;fr
TKM;Turkmen*;fr
TKM;Turkmen*;fr
TKM;turkmène;fr
TKM;Turkmenistan;fr
TKM;Turkménistan;fr
TLS;Dili;fr
TLS;Timor Leste;fr
TLS;Timor oriental;fr
TLS;timorais;fr
TON;Nuku'alofa;fr
TON;Tonga;fr
TON;tongien*;fr
TON;Tongien*;fr
TTO;Port of Spain;fr
TTO;Trinidad;fr
TTO;trinidadien*;fr
TTO;Trinidadien*;fr
TTO;Trinité et Tobago;fr
TTO;Trinité-et-Tobago;fr
TUN;Tunis;fr
TUN;Tunisie;fr
TUN;tunisien*;fr
TUN;Tunisien*;fr
TUR;Ankara;fr
TUR;Istanbul;fr
TUR;turc*;fr
TUR;Turc*;fr
TUR;turque*;fr
TUR;Turque*;fr
TUR;Turquie;fr
TUV;Funafuti;fr
TUV;Tuvalu;fr
TUV;tuvaluan*;fr
TUV;Tuvaluan*;fr
TWN;Taipei;fr
TWN;Taiwan;fr
TWN;Taïwan;fr
TWN;taïwanais*;fr
TWN;Taïwanais*;fr
TZA;Dar es Salaam;fr
TZA;Dodoma;fr
TZA;Tanzanie;fr
TZA;tanzanien*;fr
TZA;Tanzanien*;fr
UGA;Kampala;fr
UGA;Ouganda;fr
UGA;ougandais*;fr
UGA;Ougandais*;fr
UKR;Kiev;fr
UKR;Ukraine;fr
UKR;ukrainien*;fr
UKR;Ukrainien*;fr
URY;Montevideo;fr
URY;Uruguay;fr
URY;uruguayen*;fr
URY;Uruguayen*;fr
USA;americain*;fr
USA;Americain*;fr
USA;Etats-Unis;fr
USA;États-Unis;fr
USA;New York;fr
USA;USA;fr
USA;Washington;fr
UZB;ouzbek*;fr
UZB;Ouzbek*;fr
UZB;Ouzbekistan;fr
UZB;Ouzbékistan;fr
UZB;Tashkent;fr
VAT;Vatican;fr
VCT;Kingstown;fr
VCT;Saint Vincent et les Grenadines;fr
VCT;Saint-Vincent-et-les-Grenadines;fr
VEN;Caracas;fr
VEN;Venezuela;fr
VEN;venezuelien*;fr
VEN;Venezuelien*;fr
VEN;vénézuelien*;fr
VEN;Vénézuelien*;fr
VNM;Hanoi;fr
VNM;Hanoï;fr
VNM;Ho Chi Minh Ville;fr
VNM;Hô-Chi-Minh-Ville;fr
VNM;Viet Nam;fr
VNM;Viêt Nam;fr
VNM;Vietnam;fr
VNM;Viêtnam;fr
VNM;vietnamien*;fr
VNM;Vietnamien*;fr
VUT;Port Vila;fr
VUT;vanuatais*;fr
VUT;Vanuatais*;fr
VUT;Vanuatu;fr
WSM;Apia;fr
WSM;Samoa;fr
WSM;samoan*;fr
WSM;Samoan*;fr
YEM;Sanaa;fr
YEM;Yemen;fr
YEM;Yémen;fr
YEM;yemeni*;fr
YEM;Yemeni*;fr
YEM;yémeni*;fr
YEM;Yémeni*;fr
ZAF;Afrique du Sud;fr
ZAF;Johannesburg;fr
ZAF;Le Cap;fr
ZAF;Pretoria;fr
ZAF;République d'Afrique du Sud;fr
ZAF;République Sud Africaine;fr
ZAF;sud-africain*;fr
ZAF;Sud-africain*;fr
ZAF;sudafricain*;fr
ZAF;Sudafricain*;fr
ZMB;Lusaka;fr
ZMB;Zambie;fr
ZMB;zambien*;fr
ZMB;Zambien*;fr
ZWE;Harare;fr
ZWE;Zimbabwe;fr
ZWE;zimbabwéen*;fr
ZWE;Zimbabwéen*;fr
AFG;afgan*;it
AFG;afghan*;it
AFG;afghanistan;it
AFG;kabul;it
AGO;angola;it
AGO;angolan*;it
AGO;luanda;it
ALB;albanes*;it
ALB;albania;it
ALB;tirana;it
AND;andorra;it
AND;andorra la vella;it
AND;andorran*;it
ARE;abu dhabi;it
ARE;emirati arabi;it
ARE;emirati arabi uniti;it
ARE;emiratin*;it
ARG;argentin*;it
ARG;buenos aires;it
ARM;armen*;it
ARM;armenia;it
ARM;erevan;it
ATG;antigua;it
ATG;antigua e barbuda;it
ATG;antiguo barbudan*;it
ATG;barbuda;it
ATG;saint john s;it
AUS;australia;it
AUS;australian*;it
AUS;canberra;it
AUT;austria;it
AUT;austriac*;it
AUT;austriach*;it
AUT;vienna;it
AZE;azerbaigian;it
AZE;azerbaigian*;it
AZE;baku;it
BDI;bujumbura;it
BDI;burundes*;it
BDI;burundi;it
BEL;belg*;it
BEL;belgh*;it
BEL;belgio;it
BEL;bruxelles;it
BEN;baninian*;it
BEN;benin;it
BEN;benines*;it
BEN;beninian*;it
BEN;porto novo;it
BFA;burkina faso;it
BFA;burkinabe;it
BFA;ouagadougou;it
BGD;banglades*;it
BGD;bangladesh;it
BGD;bengales*;it
BGD;bengalin*;it
BGD;dacca;it
BGD;dhaka;it
BGR;bulgar*;it
BGR;bulgaria;it
BGR;sofia;it
BHR;bahrein;it
BHR;bahreinit*;it
BHR;manama;it
BHS;bahama;it
BHS;bahamas;it
BHS;bahamens*;it
BHS;bahanens*;it
BHS;nassau;it
BIH;bosgniac*;it
BIH;bosgniacch*;it
BIH;bosgniach*;it
BIH;bosgniaco;it
BIH;bosnia;it
BIH;bosnia ed erzegovina;it
BIH;bosniac*;it
BIH;bosniache erzegoves*;it
BIH;bosniache erzegovin*;it
BIH;erzegoves*;it
BIH;erzegovina;it
BIH;saraievo;it
BIH;sarajevo;it
BLR;belorussia;it
BLR;bieloruss*;it
BLR;bielorussia;it
BLR;minsk;it
BLZ;belise;it
BLZ;belisian*;it
BLZ;belize;it
BLZ;belizian*;it
BLZ;belmopan;it
BOL;bolivia;it
BOL;bolivian*;it
BOL;sucre;it
BRA;brasile;it
BRA;brasilia;it
BRA;brasilian*;it
BRB;barbadin*;it
BRB;barbados;it
BRB;bridgetown;it
BRN;bandar seri begawan;it
BRN;brunei;it
BRN;bruneian*;it
BTN;bhutan;it
BTN;bhutanes*;it
BTN;timphu;it
BWA;botswana;it
BWA;gaborone;it
CAF;bangui;it
CAF;centrafrica;it
CAF;centrafrican*;it
CAF;repubblica centrafricana;it
CAN;canada;it
CAN;canades*;it
CAN;ottawa;it
CHE;berna;it
CHE;svizzer*;it
CHL;cile;it
CHL;cilen*;it
CHL;santiago;it
CHN;cina;it
CHN;cines*;it
CHN;pechino;it
CHN;tibetan*;it
CIV;costa d avorio;it
CIV;ivorian*;it
CIV;yamoussoukro;it
CMR;camerun;it
CMR;camerunens*;it
CMR;camerunes*;it
CMR;yaounde;it
COD;congo kinshasa;it
COD;congo rdc;it
COD;kinshasa;it
COD;rdc;it
COD;repubblica democratica del congo;it
COG;brazzaville;it
COG;congo;it
COG;congo brazzaville;it
COG;congoles*;it
COK;isole cook;it
COL;bogota;it
COL;colombia;it
COL;colombian*;it
COM;comore;it
COM;comorian*;it
COM;moroni;it
CPV;capo verde;it
CPV;capoverdian*;it
CPV;praia;it
CRI;costa rica;it
CRI;costarican*;it
CRI;costatrica;it
CRI;san jose;it
CUB;avana;it
CUB;cuba;it
CUB;cuban*;it
CUB;l avana;it
CYP;cipriot*;it
CYP;cipro;it
CYP;nicosia;it
CZE;ceca;it
CZE;ceche;it
CZE;ceco;it
CZE;praga;it
CZE;repubblica ceca;it
DEU;berlino;it
DEU;germania;it
DEU;tedesc*;it
DJI;gibuti;it
DJI;gibutian*;it
DMA;dominica;it
DMA;dominicens*;it
DMA;roseau;it
DNK;copenhagen;it
DNK;danes*;it
DNK;danimarca;it
DOM;dominican*;it
DOM;repubblica dominicana;it
DOM;santo domingo;it
DZA;agerine;it
DZA;algeria;it
DZA;algerin*;it
ECU;ecuador;it
ECU;ecuadorian*;it
ECU;ecuatorian*;it
ECU;equador;it
ECU;equadorian*;it
ECU;equatore;it
ECU;equatorian*;it
ECU;equodorian*;it
ECU;quito;it
EGY;cairo;it
EGY;egitto;it
EGY;egizian*;it
EGY;il cairo;it
ERI;asmara;it
ERI;eritre*;it
ESH;repubblica araba dei sahraui;it
ESH;sahara occidentale;it
ESH;sahraw*;it
ESP;catalano;it
ESP;madrid;it
ESP;spagna;it
ESP;spagnol*;it
EST;eston*;it
EST;estonia;it
EST;tallin;it
ETH;addis abeba;it
ETH;etiop*;it
ETH;etiopia;it
FIN;finlandes*;it
FIN;finlandia;it
FIN;hesinki;it
FJI;figi;it
FJI;figian*;it
FJI;fiji;it
FJI;suva;it
FLK;isole faulkland;it
FLK;isole malvine;it
FRA;frances*;it
FRA;francia;it
FRA;parigi;it
FRO;faroes*;it
FRO;isole faroe;it
FSM;micronesia;it
FSM;micronesian*;it
FSM;palikir;it
GAB;gabon;it
GAB;gabones*;it
GAB;libreville;it
GBR;britannic*;it
GBR;britannici;it
GBR;galles*;it
GBR;glasgow;it
GBR;gran bretagna;it
GBR;ingles*;it
GBR;londra;it
GBR;regno unito;it
GBR;scozia;it
GBR;scozzes*;it
GEO;georgia;it
GEO;georgian*;it
GEO;tbilisi;it
GHA;accra;it
GHA;ghana;it
GHA;ghanes*;it
GIN;conakry;it
GIN;guinea;it
GIN;guinean*;it
GMB;banjul;it
GMB;gambia;it
GMB;gambian*;it
GMB;ganbian*;it
GNB;bissau;it
GNB;guinea bissau;it
GNQ;guinea equatoriale;it
GNQ;malabo;it
GRC;atene;it
GRC;greca;it
GRC;greche;it
GRC;grecia;it
GRC;greco;it
GRD;granadin*;it
GRD;grenada;it
GRD;grenadin*;it
GRD;saint george s;it
GRL;groelandes*;it
GRL;groenlandia;it
GTM;citta del guatemala;it
GTM;guatelmaltec*;it
GTM;guatemala;it
GUY;georgetown;it
GUY;guyana;it
GUY;guyanes*;it
HKG;hong kong;it
HKG;hongkong ;it
HKG;honkonghes*;it
HND;honduras;it
HND;onduregn*;it
HND;tegucigalpa;it
HRV;croat*;it
HRV;croazia;it
HRV;zagabria;it
HTI;haiti;it
HTI;haitian*;it
HTI;port au prince;it
HUN;budapest;it
HUN;ungheria;it
IDN;giacarta;it
IDN;indonesia;it
IDN;indonesian*;it
IND;india;it
IND;indian*;it
IND;nuova delhi;it
IRL;dublino;it
IRL;eire;it
IRL;irlanda;it
IRL;irlandes*;it
IRN;iran;it
IRN;iranian*;it
IRN;teheran;it
IRQ;bagdad;it
IRQ;baghdad;it
IRQ;irachen*;it
IRQ;irak;it
IRQ;iraq;it
ISL;islandais;it
ISL;islandes*;it
ISL;reykjavik;it
ISR;israele;it
ISR;israelian*;it
ISR;tel aviv;it
ITA;italia;it
ITA;italian*;it
ITA;roma;it
JAM;giamaica;it
JAM;giamaican*;it
JAM;jamaica;it
JAM;kingstone;it
JOR;amman;it
JOR;giordan*;it
JOR;giordania;it
JPN;giappone;it
JPN;giappones*;it
JPN;nipponic*;it
JPN;tokyo;it
KAZ;astana;it
KAZ;kasak*;it
KAZ;kazachstan;it
KAZ;kazahstan;it
KAZ;kazak*;it
KAZ;kazakhstan;it
KAZ;kazakistan;it
KEN;kenian*;it
KEN;keniot*;it
KEN;kenya;it
KEN;kenyan*;it
KEN;kenyot*;it
KEN;nairobi;it
KGZ;biskek;it
KGZ;chirghisia;it
KGZ;kirghis*;it
KGZ;kirghiz*;it
KGZ;kirghizistan;it
KHM;cambogia;it
KHM;cambogian*;it
KHM;phnom penh;it
KIR;bairiki;it
KIR;gilbertes*;it
KIR;kiribati;it
KNA;basseterre;it
KNA;saint christopher e nevis;it
KNA;saint kitts e nevis;it
KOR;corea del sud;it
KOR;corean*;it
KOR;repubblica di corea;it
KOR;seul;it
KOR;sud corea;it
KOR;sudcorean*;it
KWT;kuwait;it
KWT;kuwaitian*;it
LAO;lao;it
LAO;laos;it
LAO;laotian*;it
LAO;laotion*;it
LAO;repubblica popolare democratica del laos;it
LAO;vietiane;it
LBN;beirut;it
LBN;hezbollah;it
LBN;libanes*;it
LBN;libano;it
LBR;liberia;it
LBR;liberian*;it
LBR;morovia;it
LBY;libia;it
LBY;libic*;it
LBY;libich*;it
LBY;tripoli;it
LCA;castries;it
LCA;santa lucia;it
LIE;liechtenstein;it
LIE;liechtensteines*;it
LIE;vaduz;it
LKA;singales*;it
LKA;sri jayawardenapura;it
LKA;sri lanka;it
LSO;lesotho;it
LTU;lituan*;it
LTU;lituania;it
LTU;vilnius;it
LUX;lussemburghes*;it
LUX;lussemburgo;it
LVA;letton*;it
LVA;lettonia;it
LVA;riga;it
MAC;macaens*;it
MAC;macao;it
MAR;marocchin*;it
MAR;marocco ;it
MAR;rabat;it
MCO;monaco;it
MCO;monegasc*;it
MDA;chisinau;it
MDA;moldav*;it
MDA;moldov*;it
MDA;moldovia;it
MDG;atananarivo;it
MDG;madagascar;it
MDG;malgasc*;it
MDV;maldive;it
MDV;maldivian*;it
MDV;male;it
MEX;citta del messico;it
MEX;messican*;it
MEX;messico;it
MHL;isole marshall;it
MHL;majuro;it
MHL;marshall;it
MHL;marshalles*;it
MKD;macedon*;it
MKD;macedonia;it
MKD;skopie;it
MLI;bamako;it
MLI;mali;it
MLI;malian*;it
MLT;la valletta;it
MLT;malta;it
MLT;maltes*;it
MMR;birman*;it
MMR;birmania;it
MMR;myanmar;it
MMR;nay pyi taw;it
MMR;naypyidaw;it
MMR;ne pyi daw;it
MNE;montenegrin*;it
MNE;montenegro;it
MNE;podgorica;it
MNG;mongol*;it
MNG;ulan bator;it
MOZ;maputo;it
MOZ;mozambican*;it
MOZ;mozambico;it
MRT;mauritan*;it
MRT;mauritania;it
MRT;nouakchott;it
MUS;mauritius;it
MUS;maurizio;it
MUS;port louis;it
MWI;lilongwe;it
MWI;malawens*;it
MWI;malawi;it
MWI;malawian*;it
MYS;kuala lumpur;it
MYS;males*;it
MYS;malesia;it
NAM;namibia;it
NAM;namibian*;it
NAM;windhoek;it
NER;niamey;it
NER;niger;it
NER;nigerin*;it
NGA;abuja;it
NGA;nigeria;it
NGA;nigerian*;it
NIC;managua;it
NIC;nicaragua;it
NIC;nicaraguens*;it
NIC;nicaragues*;it
NLD;amesterdan;it
NLD;olanda;it
NLD;olandes*;it
NLD;paesi bassi;it
NOR;norveges*;it
NOR;norvegia;it
NOR;oslo;it
NPL;kathmandu;it
NPL;nepal;it
NPL;nepales*;it
NRU;nauru;it
NRU;nauruan*;it
NRU;yaren;it
NZL;neozelandes*;it
NZL;nuova zelanda;it
NZL;wellington;it
OMN;mascate;it
OMN;oman;it
OMN;omanit*;it
PAK;islamabad;it
PAK;pakistan;it
PAK;pakistan*;it
PAN;panama;it
PAN;panamens*;it
PER;lima;it
PER;peru;it
PER;peruvian*;it
PHL;filippin*;it
PHL;manila;it
PLW;belau;it
PLW;koror;it
PLW;palau;it
PNG;papua nuova guinea;it
PNG;port moresby;it
POL;polacc*;it
POL;polonia;it
POL;varsavia;it
PRK;corea del nord;it
PRK;nordcorean*;it
PRK;pyongyang;it
PRK;repubblica popolare democratica di corea;it
PRT;lisbona;it
PRT;portogallo;it
PRT;portoghes*;it
PRY;asuncion;it
PRY;paraguaian*;it
PRY;paraguay;it
PSE;palestina;it
PSE;palestines*;it
PSE;ramallah;it
QAT;doha;it
QAT;qatar;it
QAT;qatariot*;it
ROU;bucarest;it
ROU;romania;it
ROU;romen*;it
ROU;rumen*;it
RUS;federazione russa;it
RUS;mosca;it
RUS;russ*;it
RUS;russia;it
RWA;kigali;it
RWA;ruanda;it
RWA;ruandes*;it
RWA;rwanda;it
SAU;arabia saudita;it
SAU;riyad;it
SAU;saudit*;it
SDN;khartum;it
SDN;sudan;it
SDN;sudanes*;it
SEN;dakar;it
SEN;senegal;it
SEN;senegales*;it
SGP;singapore;it
SGP;singaporian*;it
SLB;honiara;it
SLB;isole salomone;it
SLB;salomone*;it
SLE;freetown;it
SLE;sierra leone;it
SLE;sierraleones*;it
SLV;el salvador;it
SLV;salvadoregn*;it
SLV;san salvador;it
SMR;san marino;it
SMR;sanmarines*;it
SOM;mogadiscio;it
SOM;somal*;it
SOM;somalia;it
SRB;belgrado;it
SRB;serb*;it
SSD;giuba;it
SSD;sudan del sud;it
SSD;sudsudanes*;it
STP;sao tome;it
STP;sao tome e principe;it
SUR;paramaribo;it
SUR;suriname;it
SUR;surinames*;it
SVK;bratislava;it
SVK;slovacc*;it
SVK;slovacchia;it
SVN;lubiana;it
SVN;sloven*;it
SWE;stoccolma;it
SWE;svedes*;it
SWE;svezia;it
SWZ;mbadane;it
SWZ;swaziland;it
SYC;seicelle;it
SYC;seicelles*;it
SYC;seychelles;it
SYC;victoria;it
SYR;damasco;it
SYR;siria;it
SYR;sirian*;it
TCD;ciad;it
TCD;ciadian*;it
TCD;n djamena;it
TCD;ndjamena;it
TGO;lome;it
TGO;togo;it
TGO;togoles*;it
THA;bangkok;it
THA;tailandes*;it
THA;tailandia;it
THA;thailandes*;it
THA;thailandia;it
TJK;dusambe;it
TJK;tagichistan;it
TJK;tagik*;it
TJK;tagikistan;it
TKM;asgabat;it
TKM;turcmen*;it
TKM;turkmen*;it
TKM;turkmenistan;it
TLS;dili;it
TLS;est timores*;it
TLS;timor est;it
TLS;timor orientale;it
TON;nuku alofa;it
TON;tonga;it
TON;tongan*;it
TTO;port of spain;it
TTO;trinidad e tobago;it
TTO;trinidadian*;it
TUN;tunisi;it
TUN;tunisia;it
TUN;tunisin*;it
TUR;ankara;it
TUR;turca;it
TUR;turche;it
TUR;turche;it
TUR;turchia;it
TUR;turci;it
TUR;turco;it
TUV;fongafale;it
TUV;tuvalu;it
TUV;tuvaluan*;it
TWN;repubblica di cina;it
TWN;taipei;it
TWN;taiwan;it
TWN;taiwanes*;it
TZA;dar es salaam;it
TZA;tanzania;it
TZA;tanzanian*;it
UGA;kampala;it
UGA;uganda;it
UGA;ugandes*;it
UKR;kiev;it
UKR;ucrain*;it
URY;montevideo;it
URY;uruguaian*;it
URY;uruguay;it
USA;american*;it
USA;stati uniti;it
USA;stati uniti d america;it
USA;statunitens*;it
USA;us;it
USA;usa;it
USA;washington;it
UZB;taskent;it
UZB;uzbec*;it
UZB;uzbekistan;it
VAT;santa sede;it
VAT;vatican*;it
VCT;kingstown;it
VCT;saint vincent e grenadine;it
VCT;sanvincentin*;it
VEN;caracas;it
VEN;venezuela;it
VEN;venezuelan*;it
VNM;hanoi;it
VNM;vietnam;it
VNM;vietnamit*;it
VUT;port vila;it
VUT;vanuatu;it
VUT;vanuatuan*;it
WSM;apia;it
WSM;samoa;it
WSM;samoan*;it
XK;cossovo;it
XK;kosovar*;it
XK;kosovo;it
XK;kossovar*;it
XK;pristina;it
YEM;sana a;it
YEM;sanaa;it
YEM;yemen;it
YEM;yemenit*;it
ZAF;pretoria;it
ZAF;sudafrica;it
ZAF;sudafrican*;it
ZWE;harare;it
ZWE;zimbabues*;it
ZWE;zimbabwe;it
AFG;Afghaan*;nl
AFG;Afghanistan;nl
AFG;Kabul;nl
AGO;Angola;nl
AGO;Angolees*;nl
AGO;Luanda;nl
ALB;Albanees*;nl
ALB;Albanie;nl
ALB;Tirana;nl
AND;Andorra;nl
AND;Andorra la Vella;nl
AND;Andorrees*;nl
ARE;Dubai;nl
ARE;Verenigde Arabische Emiraten;nl
ARG;Argentijn*;nl
ARG;Argentinie;nl
ARG;Buenos Aires;nl
ARM;Armen*;nl
ARM;Armenie;nl
ARM;Jerevan;nl
AUS;Australie;nl
AUS;Australiër;nl
AUS;Sydney;nl
AUT;Oostenrijk;nl
AUT;Oostenrijker*;nl
AUT;Wenen;nl
AZE;Azerbaidjaan;nl
AZE;Azerbeidzjaan*;nl
AZE;Azeri*;nl
AZE;Baku;nl
BDI;Bujumbura;nl
BDI;Burundees*;nl
BDI;Burundi;nl
BEL;Belg*;nl
BEL;Belgie;nl
BEL;Brussel;nl
BEL;Vlaming*;nl
BEM;Waal*;nl
BEN;Benin;nl
BEN;Beniner*;nl
BEN;Burkina Faso;nl
BFA;Burkinees*;nl
BGD;Bangladesch;nl
BGD;Bengaal*;nl
BGD;Dhaka;nl
BGR;Bulgaar*;nl
BGR;Bulgarije;nl
BGR;Sofia;nl
BHR;Bahrein;nl
BHR;Bahrein*;nl
BHR;Manama;nl
BHS;Bahamaan*;nl
BHS;Bahamas;nl
BHS;Nassau;nl
BIH;Bosnie en Herzegovina;nl
BIH;Bosniër*;nl
BIH;Sarajevo;nl
BLR;Belarus;nl
BLR;Minsk;nl
BLR;Wit Rusland;nl
BLZ;Belizaan*;nl
BLZ;Belize;nl
BLZ;Belmopan;nl
BOL;Bolivia;nl
BOL;Boliviaan*;nl
BOL;La Paz;nl
BOL;Sucre;nl
BRA;Braziliaan*;nl
BRA;Brazilie;nl
BRA;Rio;nl
BRA;Sao Paulo;nl
BRB;Barbad*;nl
BRB;Barbados;nl
BRB;Bridgetown;nl
BRN;Bandar Seri Begawan;nl
BRN;Brunei*;nl
BRN;Bruneier*;nl
BTN;Bhutan*;nl
BTN;Bhutanees*;nl
BTN;Thimphu;nl
BWA;Botswaan*;nl
BWA;Botswana;nl
BWA;Gaborone;nl
CAF;Bangui;nl
CAF;Centraal Afrika;nl
CAF;Centraal-Afrikaan*;nl
CAF;Centraalafrikaanse Republiek;nl
CAN;Canada;nl
CAN;Canadees*;nl
CAN;Ottawa;nl
CAN;Quebec;nl
CHE;Bern;nl
CHE;Zürich;nl
CHE;Zwitserland;nl
CHL;Chileen*;nl
CHL;Chili;nl
CHL;Santiago;nl
CHN;China;nl
CHN;Chinees*;nl
CHN;Peking;nl
CHN;Shanghai;nl
CHN;Volksrepubliek China;nl
CIV;Ivoriaan*;nl
CMR;Kameroen;nl
CMR;Kameroener*;nl
CMR;Yaoundé;nl
COD;Congolees*;nl
COD;Democratische Republiek Congo;nl
COD;DR Congo;nl
COD;Kinshasa;nl
COG;Brazzaville;nl
COG;Congolees*;nl
COG;Republiek Congo;nl
COL;Bogota;nl
COL;Colombia;nl
COL;Colombiaan*;nl
COM;Comorees*;nl
CPV;Kaapverdiër;nl
CPV;Kaapverdische eilanden;nl
CPV;Praia;nl
CRI;Costa Rica;nl
CRI;Costa Ricaan*;nl
CRI;San Jose;nl
CRI;Ticos;nl
CUB;Cuba;nl
CUB;Cubaan*;nl
CUB;Havana;nl
CYP;Cyprioot*;nl
CYP;Cyrpus;nl
CYP;Nikosia;nl
CZE;Praag;nl
CZE;Republiek Tsjechie;nl
CZE;Tsjech*;nl
DEU;Berlijn;nl
DEU;Duitser*;nl
DEU;Duitsland;nl
DEU;Frankfurt;nl
DJI;Djiboutiaan*;nl
DMA;Dominicaanse Republiek;nl
DMA;Roseau;nl
DNK;Deen*;nl
DNK;Denemarken;nl
DNK;Kopenhagen;nl
DOM;Dominicaan*;nl
DOM;Dominicaanse Republiek;nl
DOM;Santo Domingo;nl
DZA;Algerije;nl
DZA;Algerijn*;nl
DZA;Algiers;nl
ECU;Ecuador;nl
ECU;Ecuadoraan*;nl
ECU;Quito;nl
EGY;Cairo;nl
EGY;Egypte;nl
EGY;Egyptenaar*;nl
ERI;Asmara;nl
ERI;Eritrea;nl
ERI;Eritreeër*;nl
ESP;Barcelona;nl
ESP;Bask*;nl
ESP;Catalaan*;nl
ESP;Galiciër*;nl
ESP;Madrid;nl
ESP;Spanjaard*;nl
ESP;Spanje;nl
EST;Estland;nl
EST;Estlander*;nl
EST;Tallinn;nl
ETH;Addis Ababa;nl
ETH;Ethiopie;nl
ETH;Ethiopiër*;nl
FIN;Fin;nl
FIN;Finland;nl
FIN;Helsinki;nl
FJI;Fijiër*;nl
FRA;Frankrijk;nl
FRA;Fransman*;nl
FRA;Parijs;nl
FRO;Faeröerder*;nl
FRO;Faroer eillanden;nl
FRO;Torshavn;nl
FSM;Micronesiër*;nl
GAB;Gabon;nl
GAB;Gabonees*;nl
GAB;Libreville;nl
GBR;Brit;nl
GBR;Brit;nl
GBR;Engels*;nl
GBR;Gibraltar*;nl
GBR;Londen;nl
GBR;Noord-Ier;nl
GBR;Schot*;nl
GBR;Verenigd Koninkrijk;nl
GBR;Welsh*;nl
GEO;Georgie;nl
GEO;Georgiër*;nl
GEO;Tbilisi;nl
GHA;Accra;nl
GHA;Ghana;nl
GHA;Ghanees*;nl
GIN;Conakry;nl
GIN;Guinea;nl
GIN;Guineeër*;nl
GMB;Banjul;nl
GMB;Gambia;nl
GMB;Gambiaan*;nl
GNB;Bissau;nl
GNB;Guinea-Bissau;nl
GNQ;Equatoriaal Guinea;nl
GNQ;Equatoriaal-Guineeër*;nl
GNQ;Malabo;nl
GRC;Athene;nl
GRC;Griek*;nl
GRC;Griekenland;nl
GRL;Groenland;nl
GRL;Groenlander*;nl
GRL;Nuuk;nl
GTM;Guatemal*;nl
GTM;Guatemala;nl
GTM;Guatemala Stad;nl
HKG;Hong Kong;nl
HKG;Hong Kong;nl
HKG;Hongkonger*;nl
HND;Honduras;nl
HND;Hondurees*;nl
HND;Tegucigalpa;nl
HRV;Kroaat*;nl
HRV;Kroatie;nl
HRV;Zagreb;nl
HTI;Haiti;nl
HTI;Haïtiaan*;nl
HTI;Port au Prince;nl
HUN;Boedapest;nl
HUN;Hongaar*;nl
HUN;Hongarije;nl
IDN;Indonesie;nl
IDN;Indonesiër*;nl
IDN;Jakarta;nl
IMN;Douglas;nl
IMN;Isle of Man;nl
IND;Delhi;nl
IND;India;nl
IND;Indiër*;nl
IND;Mumbai;nl
IND;Nieuw Delhi;nl
IRL;Dublin;nl
IRL;Ier;nl
IRL;Ierland;nl
IRN;Iran;nl
IRN;Iraniër*;nl
IRN;Teheran;nl
IRQ;Baghdad;nl
IRQ;Irak;nl
IRQ;Irak*;nl
ISL;Ijsland;nl
ISL;Ijslander*;nl
ISL;Reykjavik;nl
ISR;Israel;nl
ISR;Israëli*;nl
ISR;Jeruzalem;nl
ITA;Italiaan*;nl
ITA;Italie;nl
ITA;Rome;nl
JAM;Jamaica;nl
JAM;Jamaicaan*;nl
JAM;Kingston;nl
JOR;Amman;nl
JOR;Jordanie;nl
JOR;Jordaniër*;nl
JPN;Japan;nl
JPN;Japanner*;nl
JPN;Tokio;nl
KAZ;Astana;nl
KAZ;Kazach*;nl
KAZ;Kazachstan;nl
KAZ;Kazak*;nl
KEN;Kenia;nl
KEN;Keniaan*;nl
KEN;Kenyaan*;nl
KEN;Nairobi;nl
KGZ;Bishkek;nl
KGZ;Kirgies*;nl
KGZ;Kirgiziestan;nl
KHM;Cambodja;nl
KHM;Cambodjaan*;nl
KHM;Phnom Penh;nl
KIR;Kiribatiër*;nl
KOR;Koreaan*;nl
KOR;Seoul;nl
KOR;Zuid-Korea;nl
KOS;Kosovaar*;nl
KOS;Kosovo;nl
KOS;Pristina;nl
KWT;Koeweit;nl
KWT;Koeweit-stad;nl
KWT;Koeweit*;nl
LAO;Laos;nl
LAO;Laotiaan*;nl
LAO;Vientiane;nl
LBN;Beirut;nl
LBN;Libanees*;nl
LBN;Libanon;nl
LBR;Liberia;nl
LBR;Liberiaan*;nl
LBR;Monrovia;nl
LBY;Libie;nl
LBY;Libiër*;nl
LBY;Tripolis;nl
LCA;Castries;nl
LCA;sint lucia;nl
LIE;Liechtenstein;nl
LIE;Liechtensteiner*;nl
LIE;Vaduz;nl
LKA;Ceylon;nl
LKA;Colombo;nl
LKA;Sri Lanka;nl
LKA;Sri Lankaan*;nl
LSO;Lesothaan*;nl
LSO;Lesotho;nl
LSO;Maseru;nl
LTU;Litouwen;nl
LTU;Litouwer*;nl
LTU;Vilnius;nl
LUX;Luxemburg;nl
LUX;Luxemburg;nl
LUX;Luxemburger*;nl
LVA;Letland;nl
LVA;Letlander*;nl
LVA;Riga;nl
MAR;Marokkaan*;nl
MAR;Marokko;nl
MAR;Rabat;nl
MCO;Monaco;nl
MCO;Monegask*;nl
MDA;Chisinau;nl
MDA;Moldavie;nl
MDA;Moldaviër*;nl
MDG;Antananarivo;nl
MDG;Madagaskar;nl
MDG;Malagassiër*;nl
MDV;Maldiviër*;nl
MDV;Malediven;nl
MEX;Mexicaan*;nl
MEX;Mexico;nl
MEX;Mexico Stad;nl
MKD;Macedonie;nl
MKD;Macedoniër*;nl
MKD;Skopje;nl
MLI;Bamako;nl
MLI;Mali;nl
MLI;Malinees*;nl
MLT;Malta;nl
MLT;Maltees*;nl
MLT;Valletta;nl
MMR;Birman*;nl
MMR;Birmees*;nl
MMR;Myanmar;nl
MMR;Myanmarees*;nl
MMR;Naypyidaw;nl
MNE;Montenegrijn*;nl
MNE;Montenegro;nl
MNE;Podgorica;nl
MNG;Mongolie;nl
MNG;Mongoliër*;nl
MNG;Ulan Bator;nl
MOZ;Maputo;nl
MOZ;Mozambikaan*;nl
MOZ;Mozambique;nl
MRT;Mauretanie;nl
MRT;Mauritaniër*;nl
MRT;Nouakchott;nl
MUS;Mauritiaan*;nl
MUS;Mauritius;nl
MUS;Port Louis;nl
MWI;Lilongwe;nl
MWI;Malawi;nl
MWI;Malawiër*;nl
MYS;Kuala Lumpur;nl
MYS;Maleisie;nl
MYS;Maleisiër*;nl
NAM;Namibiër*;nl
NCL;Nieuw Caledonie;nl
NCL;Noumea;nl
NER;Niamey;nl
NER;Niger;nl
NER;Nigerees*;nl
NGA;Lagos;nl
NGA;Nigeria;nl
NGA;Nigeriaan*;nl
NIC;Managua;nl
NIC;Nicaragua;nl
NIC;Nicaraguaan*;nl
NLD;Amsterdam;nl
NLD;Nederland;nl
NLD;Nederlander*;nl
NOR;Noor;nl
NOR;Noorwegen;nl
NOR;Oslo;nl
NPL;Kathmandu;nl
NPL;Nepal;nl
NPL;Nepalees*;nl
NRU;Nauru;nl
NRU;Nauruaan*;nl
NRU;Yaren;nl
NZL;Auckland;nl
NZL;Nieuw Zeeland;nl
NZL;Nieuw-Zeelander*;nl
NZL;Wellington;nl
OMN;Maskat;nl
OMN;Oman;nl
OMN;Omani*;nl
PAK;Islamabad;nl
PAK;Pakistaan*;nl
PAK;Pakistan;nl
PAK;Pakistani*;nl
PAN;Panama;nl
PAN;Panama Stad;nl
PAN;Panamees*;nl
PER;Lima;nl
PER;Peru;nl
PER;Peruaan*;nl
PER;Peruviaan*;nl
PHL;Filipijn*;nl
PHL;Filipijnen;nl
PHL;Filipino*;nl
PHL;Manila;nl
PLW;Belauer*;nl
PLW;Ngerulmud ;nl
PLW;Palau;nl
PLW;Palauer*;nl
PNG;Papua Nieuw Guinea;nl
PNG;Port Moresby;nl
POL;Polen;nl
POL;Pool*;nl
POL;Warschau;nl
PRI;Puerto Ricaan*;nl
PRI;Puerto Rico;nl
PRI;San Juan;nl
PRK;Noord Korea;nl
PRK;Noord-Koreaan*;nl
PRK;Pyong Yang;nl
PRT;Lissabon;nl
PRT;Portugal;nl
PRT;Portugals;nl
PRT;Portugees*;nl
PRY;Asuncion;nl
PRY;Paraguay;nl
PRY;Paraguayaan*;nl
PRY;Paraguees*;nl
PSE;Gaza;nl
PSE;Palestijn*;nl
PSE;Palestina;nl
PSE;West-Bank;nl
PSE;Westbank;nl
QAT;Doha;nl
QAT;Qatar;nl
QAT;Qatar*;nl
ROU;Boekarest;nl
ROU;Roemeen*;nl
ROU;Roemenie;nl
RUS;Moskou;nl
RUS;Rus;nl
RUS;Rusland;nl
RUS;Siberiër*;nl
RUS;St. Petersburg;nl
RUS;Tsjetsjeen*;nl
RWA;Kigali;nl
RWA;Rwanda;nl
RWA;Rwandees*;nl
SAU;Riad;nl
SAU;Saoedi*;nl
SAU;Saudi-Arabie;nl
SAU;Saudi*;nl
SDN;Khartoem;nl
SDN;Soedan;nl
SDN;Soedanees*;nl
SDN;Sudanees*;nl
SEN;Dakar;nl
SEN;Senegal;nl
SEN;Senegalees*;nl
SGP;Singapore;nl
SGP;Singapore;nl
SGP;Singaporees*;nl
SLE;Freetown;nl
SLE;Sierra Leone;nl
SLE;Sierra Leoner*;nl
SLV;El Salvador;nl
SLV;Salvadoraan*;nl
SLV;San Salvador;nl
SMR;San Marinees*;nl
SMR;San Marino;nl
SMR;San Marino;nl
SOM;Mogadishu;nl
SOM;Somalie;nl
SOM;Somaliër*;nl
SRB;Belgrado;nl
SRB;Servie;nl
SRB;Serviër*;nl
SSD;Juba;nl
SSD;Zuid Soedan;nl
STP;Santomees*;nl
SUR;Paramaribo;nl
SUR;Suriname;nl
SUR;Surinamer*;nl
SVK;Bratislava;nl
SVK;Slovaak*;nl
SVK;Slowaak*;nl
SVK;Slowakije;nl
SVN;Ljubljana;nl
SVN;Sloveen*;nl
SVN;Slovenie;nl
SWE;Stockholm;nl
SWE;Zweden;nl
SWZ;Lobamba;nl
SWZ;Mbabane;nl
SWZ;Swazi*;nl
SWZ;Swaziland;nl
SYC;Seselwa;nl
SYC;Seychellen;nl
SYC;Seycheller*;nl
SYR;Damascus;nl
SYR;Syrie;nl
SYR;Syriër*;nl
TCD;N'Djamena;nl
TCD;Tsjaad;nl
TCD;Tsjadiër*;nl
TGO;Lome;nl
TGO;Togo;nl
TGO;Togolees*;nl
THA;Bangkok;nl
THA;Thai;nl
THA;Thailand;nl
THA;Thailander*;nl
TJK;Dushanbe;nl
TJK;Tadzjiek*;nl
TJK;Tadzjikistan;nl
TKM;Ashhabad;nl
TKM;Turkmeen*;nl
TKM;Turkmenistan;nl
TLS;Dili;nl
TLS;Oost Timor;nl
TLS;Oost-Timorees*;nl
TON;Nuku'alofa;nl
TON;Tonga;nl
TON;Tongaan*;nl
TTO;Tobago;nl
TTO;Trinidad;nl
TTO;Trinidad en Tobago;nl
TTO;Trinidad*;nl
TUN;Tunesie;nl
TUN;Tunesiër*;nl
TUN;Tunis;nl
TUR;Ankara;nl
TUR;Arbil;nl
TUR;Istanboel;nl
TUR;Koerdistan;nl
TUR;Turk*;nl
TUR;Turkije;nl
TUV;Tuvaluaan*;nl
TWN;Taipei;nl
TWN;Taiwan;nl
TWN;Taiwanees*;nl
TZA;Dar-es-Salaam;nl
TZA;Tanzaniaan*;nl
TZA;Tanzanie;nl
UGA;Kampala;nl
UGA;Oeganda;nl
UGA;Oegandees*;nl
UKR;Kiev;nl
UKR;Oekraine;nl
UKR;Oekraïner*;nl
URY;Montevideo;nl
URY;Urugu*;nl
URY;Uruguay;nl
USA;Amerika;nl
USA;Amerikaan;nl
USA;New York;nl
USA;Verenigde Staten van Amerika;nl
USA;VS;nl
USA;Washington;nl
UZB;Oezbeek*;nl
UZB;Oezbekistan;nl
UZB;Tasjkent;nl
VAT;Vaticaan;nl
VEN;Caracas;nl
VEN;Venezolaan*;nl
VEN;Venezuela;nl
VNM;Hanoi;nl
VNM;Ho-Chi-Minh;nl
VNM;Vietnam;nl
VNM;Vietnamees*;nl
VUT;Port Vila;nl
VUT;Vanuatu;nl
VUT;Vanuatuaan*;nl
WSM;Apia;nl
WSM;Samoa*;nl
WSM;Samoaan*;nl
YEM;Jemen;nl
YEM;Jemeniet*;nl
YEM;Sana;nl
YEM;Sanaa;nl
ZAF;Johannesburg;nl
ZAF;Kaapstad;nl
ZAF;Pretoria;nl
ZAF;Zuid Afrika*;nl
ZMB;Lusaka;nl
ZMB;Zambia*;nl
ZWE;Harare;nl
ZWE;Zimbabwe*;nl
AFG;Afeganistão;pt
AFG;afegão;pt
AFG;afegãos;pt
AFG;Cabul;pt
AGO;Angola;pt
AGO;angolano;pt
AGO;angolanos;pt
AGO;Luanda;pt
ALB;albanês;pt
ALB;Albânia;pt
ALB;Tirana;pt
AND;Andorra;pt
AND;Andorra La Vella;pt
ARE;Abu Dhabi;pt
ARE;Emirados;pt
ARE;Emirados Árabes Unidos;pt
ARE;Emiratis;pt
ARG;Argentina;pt
ARG;argentino;pt
ARG;argentinos;pt
ARG;Buenos aires;pt
ARM;Armênia;pt
ARM;armênio;pt
ARM;armênios;pt
ARM;Yerevan;pt
ATG;Antígua;pt
ATG;Barbuda;pt
ATG;São João;pt
AUS;Austrália;pt
AUS;australiano;pt
AUS;australianos;pt
AUS;Canberra;pt
AUT;Áustria;pt
AUT;austríaco;pt
AUT;austríacos;pt
AUT;Viena;pt
AZE;azerbaijano;pt
AZE;Azerbaijão;pt
AZE;azeris;pt
AZE;Baku;pt
BDI;Bujumbura;pt
BDI;Burundi;pt
BEL;belga;pt
BEL;belgas;pt
BEL;Bélgica;pt
BEL;Bruxelas;pt
BEN;Benin;pt
BEN;beninense;pt
BEN;Porto Novo;pt
BFA;Burkina;pt
BFA;Burkinabe;pt
BFA;Ouagadougou;pt
BGD;Bangladesh;pt
BGD;Dhaka;pt
BGR;Bulgária;pt
BGR;búlgaro;pt
BGR;búlgaros;pt
BGR;Sófia;pt
BHR;Bahrain;pt
BHR;Bahrainis;pt
BHR;Bahrein;pt
BHR;Manama;pt
BHS;Bahamas;pt
BHS;Bahamian;pt
BHS;Bahamians;pt
BHS;Nassau;pt
BIH;Bósnia;pt
BIH;Bósnia Herzégovine;pt
BIH;Bosnian;pt
BIH;bósnios;pt
BIH;Sarajevo;pt
BLR;belarus;pt
BLR;Belarus;pt
BLR;Belorussian;pt
BLR;bielorrussos;pt
BLR;Minsk;pt
BLZ;Belize;pt
BLZ;Belizeans;pt
BLZ;Belizian;pt
BLZ;Belmopan;pt
BOL;açúcar;pt
BOL;Bolívia;pt
BOL;boliviano;pt
BOL;bolivianos;pt
BRA;Brasil;pt
BRA;brasileiro;pt
BRA;Brasília;pt
BRA;brésiliennes;pt
BRB;barbadianos;pt
BRB;Barbados;pt
BRB;Bridgetown;pt
BRN;Bandar Seri Begawan;pt
BRN;Brunei;pt
BTN;Butão;pt
BTN;Thimphu;pt
BWA;Botswana;pt
BWA;Gaborone;pt
CAF;Bangui;pt
CAF;CAR;pt
CAF;central;pt
CAF;centro-africanos;pt
CAF;República Centro-Africano;pt
CAN;Canadá;pt
CAN;canadense;pt
CAN;canadenses;pt
CAN;Otawa;pt
CHE;Bern;pt
CHE;Suíça;pt
CHE;suíço;pt
CHL;Chile;pt
CHL;chileno;pt
CHL;chilenos;pt
CHL;Santiago;pt
CHN;China;pt
CHN;chinês;pt
CHN;Pekin;pt
CHN;tibetano;pt
CHN;tibetanos;pt
CIV;Cote d ivoire;pt
CIV;ivoiriense;pt
CIV;marfinense;pt
CIV;marfinenses;pt
CIV;Yamoussoukro;pt
CMR;Camarões;pt
CMR;camaroneses;pt
CMR;Yaounde;pt
COD;andar térreo;pt
COD;Kinshasa;pt
COD;kinshasa Congo;pt
COD;RDC Congo;pt
COD;República Democrática do Congo;pt
COG;Brazzaville;pt
COG;Brazzaville Congo;pt
COG;Congo;pt
COG;congolês;pt
COL;Bogotá;pt
COL;Colômbia;pt
COL;colombiano;pt
COL;colombianos;pt
COM;Comores;pt
COM;Moroni;pt
CPV;Cabo Verde;pt
CPV;Praia;pt
CRI;Costa Rica;pt
CRI;Costa-riquenhos;pt
CRI;San jose;pt
CUB;Cuba;pt
CUB;cubano;pt
CUB;cubanos;pt
CUB;Havana;pt
CYP;Chipre;pt
CYP;cipriotas;pt
CYP;Nicosia;pt
CZE;checos;pt
CZE;Praga;pt
CZE;República Checa;pt
CZE;tcheco;pt
DEU;alemães;pt
DEU;Alemanha;pt
DEU;alemão;pt
DEU;Berlim;pt
DJI;Djibouti;pt
DMA;cana;pt
DMA;Dominica;pt
DNK;Copenhague;pt
DNK;Dinamarca;pt
DNK;dinamarquês;pt
DOM;dominicano;pt
DOM;dominicanos;pt
DOM;República Dominicana;pt
DOM;São Domingo;pt
DZA;Algeriens;pt
DZA;Argel;pt
DZA;Argélia;pt
DZA;argelino;pt
ECU;Equador;pt
ECU;equatoriano;pt
ECU;equatorianos;pt
ECU;Quito;pt
EGY;Cairo;pt
EGY;egípcio;pt
EGY;egípcios;pt
EGY;Egito;pt
ERI;Asmara;pt
ERI;Eritrea;pt
ERI;Eritreia;pt
ESH;saharaui;pt
ESH;Sahraoui;pt
ESH;Sahrawi;pt
ESH;Sahrawis;pt
ESH;Sara Ocidental;pt
ESP;Espanha;pt
ESP;espanhol;pt
ESP;Madri;pt
EST;Estônia;pt
EST;estoniano;pt
EST;estonianos;pt
EST;Tallinn;pt
ETH;Adis Abeba;pt
ETH;etíope;pt
ETH;etíope ;pt
ETH;etíopes;pt
ETH;Etiópia;pt
FIN;finlandês;pt
FIN;Finlândia;pt
FIN;Helsinque;pt
FJI;Fiji;pt
FJI;fijianos;pt
FJI;Suva;pt
FRA;França;pt
FRA;Francaise;pt
FRA;Francaises;pt
FRA;francês;pt
FRA;Paris;pt
FSM;Micronesia;pt
FSM;Micronésia;pt
FSM;Micronesians;pt
FSM;Palikir;pt
GAB;Gabão;pt
GAB;Libreville;pt
GBR;britânico;pt
GBR;escocês;pt
GBR;Escócia;pt
GBR;galês;pt
GBR;galesa;pt
GBR;Glasgow;pt
GBR;Grã-Bretanha;pt
GBR;Inglês;pt
GBR;inglesa;pt
GBR;Londres;pt
GBR;Reino Unido;pt
GEO;Georgia;pt
GEO;georgiano;pt
GEO;georgianos;pt
GEO;Tbilisi;pt
GHA;Accra;pt
GHA;Gana;pt
GHA;ganenses;pt
GIN;Conakry;pt
GIN;Guiné;pt
GIN;guineense;pt
GIN;guineenses;pt
GMB;Banjul;pt
GMB;Gâmbia;pt
GMB;Gambianos;pt
GNB;Bissau;pt
GNB;Guiné-Bissau;pt
GNQ;equatoguinean;pt
GNQ;Equatoguineans;pt
GNQ;Guiné Equatorial;pt
GNQ;Guiné equatorial;pt
GNQ;Malabo;pt
GRC;Atenas;pt
GRC;Grécia;pt
GRC;grego;pt
GRC;gregos;pt
GRD;Georges St.;pt
GRD;Granada;pt
GRD;granada;pt
GRD;granadina;pt
GRD;Grenadines;pt
GTM;Cidade da Guatemala;pt
GTM;Guatemala;pt
GTM;guatemalteco;pt
GTM;guatemaltecos;pt
GUY;Georgetown;pt
GUY;Guiana;pt
GUY;guianense;pt
HKG;Hong Kong;pt
HKG;Hong kong;pt
HND;Honduras;pt
HND;hondurenho;pt
HND;hondurenhos;pt
HND;Hondurian;pt
HND;Tegucigalpa;pt
HRV;Croácia;pt
HRV;croata;pt
HRV;croatas;pt
HRV;Zagreb;pt
HTI;Haiti;pt
HTI;haitiano;pt
HTI;haitianos;pt
HTI;Haitien;pt
HTI;Port au Prince;pt
HUN;Budapeste;pt
HUN;húngaro;pt
HUN;Hungria;pt
IDN;Indonésia;pt
IDN;indonésio;pt
IDN;indonésios;pt
IDN;Jacarta;pt
IND;Délhi;pt
IND;Índia;pt
IND;indiano;pt
IND;índios;pt
IND;nova Délhi;pt
IRL;Dublin;pt
IRL;eire;pt
IRL;Irlanda;pt
IRL;irlandês;pt
IRL;irlandesa;pt
IRN;Irã;pt
IRN;iraniano;pt
IRN;iranianos;pt
IRN;Teerã;pt
IRQ;Bagdá;pt
IRQ;Iraque;pt
IRQ;iraquiano;pt
IRQ;iraquianos;pt
ISL;islandês;pt
ISL;Islândia;pt
ISL;Reykjavik;pt
ISR;Israel;pt
ISR;israelense;pt
ISR;israelenses;pt
ISR;Tel aviv;pt
ITA;Itália;pt
ITA;italiano;pt
ITA;italianos;pt
ITA;Roma;pt
JAM;Jamaica;pt
JAM;jamaicano;pt
JAM;jamaicanos;pt
JAM;Kingston;pt
JOR;Amã;pt
JOR;Jordânia;pt
JOR;jordaniano;pt
JOR;jordanianos;pt
JPN;Japão;pt
JPN;japonês;pt
JPN;Tóquio;pt
KAZ;Astana;pt
KAZ;cazaques;pt
KAZ;Cazaquistão;pt
KAZ;Kazakh;pt
KAZ;kazakh;pt
KEN;Nairobi;pt
KEN;Quênia;pt
KEN;queniano;pt
KEN;quenianos;pt
KGZ;Bishkek;pt
KGZ;Quirguistão;pt
KHM;Camboja;pt
KHM;cambojano;pt
KHM;cambojanos;pt
KHM;Phnom Penh;pt
KIR;Bairiki;pt
KIR;Kiribati;pt
KIR;kiribati;pt
KNA;Basseterre;pt
KNA;São Cristóvão e Neves;pt
KNA;São Cristóvão e Nevis;pt
KOR;Coréia do Sul;pt
KOR;República da Coreia;pt
KOR;Seul;pt
KOR;Sul francês;pt
KOR;Sul-coreano;pt
KWT;Kuwaiti;pt
KWT;kuwaitianos;pt
KWT;Kuweit;pt
LAO;Lao;pt
LAO;lao;pt
LAO;Laos;pt
LAO;Vientiane;pt
LBN;Beirute;pt
LBN;libanês;pt
LBN;Líbano;pt
LBR;entrecasca;pt
LBR;Libéria;pt
LBR;liberianos;pt
LBR;Monrovia;pt
LBY;Líbia;pt
LBY;líbio;pt
LBY;líbios;pt
LBY;Tripoli;pt
LCA;Castries;pt
LCA;Santa Lúcia;pt
LCA;santalucienses;pt
LCA;St. Lucia;pt
LIE;Liechtenstein;pt
LIE;Vaduz;pt
LKA;Sri Jayawardenapura;pt
LKA;Sri Lanka;pt
LSO;Basotho;pt
LSO;Lesoto;pt
LSO;Maseru;pt
LSO;Mosotho;pt
LTU;Lituânia;pt
LTU;lituano;pt
LTU;lituanos;pt
LTU;Vilnius;pt
LUX;Luxemburgo;pt
LUX;luxemburguês;pt
LVA;Látvia;pt
LVA;letão;pt
LVA;letões;pt
LVA;Riga;pt
MAC;macaense;pt
MAC;Macau;pt
MAR;Marrocos;pt
MAR;marroquino;pt
MAR;marroquinos;pt
MAR;Rabat;pt
MCO;Monaco;pt
MCO;monegasca;pt
MDA;Chisinau;pt
MDA;moldávios;pt
MDA;Moldavo;pt
MDA;Moldova;pt
MDG;Madagáscar;pt
MDG;malgaxe;pt
MDG;Tananarive;pt
MDV;Maldivas;pt
MDV;Maldivians ;pt
MDV;masculino;pt
MEX;mexicano;pt
MEX;mexicanos;pt
MEX;México;pt
MHL;Delap Uliga Darrit;pt
MHL;Marshall;pt
MHL;Marshallese;pt
MKD;Macedonia;pt
MKD;macedônio;pt
MKD;macedônios;pt
MKD;Skopje;pt
MLI;Bamako;pt
MLI;Mali;pt
MLI;malianos;pt
MLT;Malta;pt
MLT;maltês;pt
MLT;Valletta;pt
MMR;birmanês;pt
MMR;Burma;pt
MMR;Fazer pyi daw;pt
MMR;Myanmar;pt
MMR;Nay taw pyi;pt
MMR;Naypyidaw;pt
MNE;montenegrino;pt
MNE;montenegrinos;pt
MNE;Montenegro;pt
MNE;Podgorica;pt
MNG;mongóis;pt
MNG;mongol;pt
MNG;Mongólia;pt
MNG;Ulaanbaatar;pt
MOZ;Maputo;pt
MOZ;moçambicanos;pt
MOZ;Moçambique;pt
MRT;Mauritânia;pt
MRT;mauritanos;pt
MRT;Nouakchott;pt
MUS;maurício;pt
MUS;Mauritians;pt
MUS;Mauritius;pt
MUS;port Louis;pt
MWI;Lilongwe;pt
MWI;Malauí;pt
MWI;malauianos;pt
MWI;Malavi;pt
MYS;Kuala Lumpur;pt
MYS;malaios;pt
MYS;Malásia;pt
MYS;Malaysian;pt
NAM;Namíbia;pt
NAM;namibianos;pt
NAM;Windhoek;pt
NER;Niamey;pt
NER;Níger;pt
NGA;Abuja;pt
NGA;Nigéria;pt
NGA;nigeriano;pt
NGA;nigerianos;pt
NIC;Managua;pt
NIC;Nicarágua;pt
NIC;nicaraguense;pt
NIC;nicaragüenses;pt
NLD;Amsterdam;pt
NLD;Holanda;pt
NLD;holandês;pt
NLD;Neerlandaises;pt
NOR;Noruega;pt
NOR;norueguês;pt
NOR;noruegueses;pt
NOR;Oslo;pt
NPL;Kathmandu;pt
NPL;Nepal;pt
NPL;nepalês;pt
NRU;nauru;pt
NRU;Nauruan;pt
NRU;Yaren;pt
NZL;Neo Zelândia;pt
NZL;neozelandês;pt
NZL;nova Zelândia;pt
NZL;Wellington;pt
OMN;moscatel;pt
OMN;Omã;pt
OMN;Oman;pt
PAK;Islamabad;pt
PAK;paquistanês;pt
PAK;Paquistão;pt
PAN;Panamá;pt
PAN;panamenho;pt
PAN;panamenhos;pt
PER;Lima;pt
PER;Peru;pt
PER;peruano;pt
PER;peruanos;pt
PHL;Filipinas;pt
PHL;filipino;pt
PHL;Filipino;pt
PHL;filipinos;pt
PHL;Manila;pt
PLW;Koror;pt
PLW;Palau;pt
PLW;palau;pt
PNG;Papua Nova Guiné;pt
PNG;port Moresby;pt
POL;polonês;pt
POL;polonesa;pt
POL;Polônia;pt
POL;Varsóvia;pt
PRK;A Coreia do Norte;pt
PRK;norte-coreano;pt
PRK;Northern francês;pt
PRK;Pyongyang;pt
PRK;República Popular Democrática da Coreia;pt
PRT;Lisboa;pt
PRT;Portugal;pt
PRT;português;pt
PRY;Assunção;pt
PRY;Paraguai;pt
PRY;paraguaio;pt
PRY;paraguaios;pt
PSE;PA;pt
PSE;Palestina;pt
PSE;palestino;pt
PSE;palestinos;pt
PSE;Ramallah;pt
QAT;Catar;pt
QAT;Doha;pt
QAT;qatari;pt
QAT;Qataris;pt
ROU;Bucareste;pt
ROU;Romênia;pt
ROU;romeno;pt
ROU;romenos;pt
RUS;Moscou;pt
RUS;Rússia;pt
RUS;russo;pt
RUS;russos;pt
RWA;Kigali;pt
RWA;Ruanda;pt
RWA;ruandeses;pt
SAU;Arábia;pt
SAU;Arábia Saudita;pt
SAU;riyadh;pt
SAU;sauditas;pt
SDN;Khartoum;pt
SDN;sudanês;pt
SDN;Sudão;pt
SEN;Dakar;pt
SEN;Senegal;pt
SEN;senegalesa;pt
SGP;Cingapura;pt
SGP;cingapurianos;pt
SGP;Singapura;pt
SLB;Honiara;pt
SLB;Ilhas Salomão;pt
SLB;Salomão;pt
SLE;Freetown;pt
SLE;Serra Leoa;pt
SLV;Salvador;pt
SLV;salvadorenho;pt
SLV;salvadorenhos;pt
SLV;Salvadorian;pt
SLV;San Salvador;pt
SMR;San Marino;pt
SMR;San marino;pt
SMR;Serravalle;pt
SOM;Mogadíscio;pt
SOM;Muqdisho;pt
SOM;somali;pt
SOM;Somália;pt
SOM;somalis;pt
SRB;Belgrado;pt
SRB;Sérvia;pt
SRB;sérvio;pt
SRB;sérvios;pt
SSD;Juba;pt
SSD;Sudão do Sul;pt
SSD;Sul do Sudão;pt
STP;São Princípio tomo;pt
STP;São Tomé;pt
STP;São Tomé e Príncipe;pt
SUR;Paramaribo;pt
SUR;Suriname;pt
SVK;Bratislava;pt
SVK;eslovaco;pt
SVK;eslovacos;pt
SVK;Eslováquia;pt
SVN;Eslovenia;pt
SVN;esloveno;pt
SVN;Ljubljana;pt
SWE;Estocolmo;pt
SWE;Suécia;pt
SWE;sueco;pt
SWZ;Mbabane;pt
SWZ;Suazilândia;pt
SWZ;Swazi;pt
SWZ;swazis;pt
SYC;seichelense;pt
SYC;Seychelles;pt
SYC;seychelles;pt
SYR;Damasco;pt
SYR;Síria;pt
SYR;sírio;pt
SYR;sírios;pt
TCD;Chade;pt
TCD;chadiano;pt
TCD;Chadians;pt
TCD;N'djamena;pt
TCD;Ndjamena;pt
TGO;Lome;pt
TGO;Togo;pt
THA;Bangkok;pt
THA;Tailândia;pt
THA;Thai;pt
THA;thai;pt
THA;Thaie;pt
THA;Thailandaises;pt
TJK;Dushanbe;pt
TJK;tadjiques;pt
TJK;Tadjiquistão;pt
TJK;Tajik;pt
TKM;Ashgabat;pt
TKM;Turkmen;pt
TKM;turkmene;pt
TKM;turkmenistan;pt
TLS;Dili;pt
TLS;Timor Leste;pt
TLS;timorenses;pt
TON;Nuku'alofa;pt
TON;tonga;pt
TON;tonganês;pt
TON;Tongans;pt
TTO;Port of Spain;pt
TTO;Trinidad e Tobago;pt
TUN;Tunis;pt
TUN;Tunísia;pt
TUN;tunisianos;pt
TUR;Ancara;pt
TUR;turco;pt
TUR;turcos;pt
TUR;Turquia;pt
TUV;Fongafale;pt
TUV;tuvalu;pt
TUV;Tuvaluan;pt
TUV;Tuvaluanes;pt
TWN;República da China;pt
TWN;Taipei;pt
TWN;Taiwan;pt
TZA;Dar es salaam;pt
TZA;Tanzânia;pt
TZA;tanzanianos;pt
UGA;Kampala;pt
UGA;Uganda;pt
UKR;Criméia;pt
UKR;Kiev;pt
UKR;Ucrânia;pt
UKR;ucraniano;pt
UKR;ucranianos;pt
URY;Montevidéu;pt
URY;Uruguai;pt
URY;uruguaio;pt
URY;uruguaios;pt
USA;americano;pt
USA;americanos;pt
USA;Estados Unidos;pt
USA;estados unidos da américa;pt
USA;EUA;pt
USA;salvamento;pt
USA;Washington;pt
UZB;Tashkent;pt
UZB;Uzbek;pt
UZB;uzbeques;pt
UZB;Uzbequistão;pt
VAT;St. assento;pt
VAT;Vaticano;pt
VCT;Kingstown;pt
VCT;São Vicente e Granadinas;pt
VEN;Caracas;pt
VEN;Venezuela;pt
VEN;venezuelano;pt
VEN;venezuelanos;pt
VNM;Hanói;pt
VNM;Viet Nam;pt
VNM;Vietnã;pt
VNM;vietnamita;pt
VUT;Ni Vanuatu;pt
VUT;Nivan;pt
VUT;port Vila;pt
VUT;Vanuatu;pt
VUT;Vanuatuan;pt
WSM;Apia;pt
WSM;samoa;pt
XK;kosovar;pt
XK;kosovares;pt
XK;Kosovo;pt
XK;Pristina;pt
YEM;Iémen;pt
YEM;iemenita;pt
YEM;iemenitas;pt
YEM;Sanaa;pt
ZAF;África do Sul;pt
ZAF;Pretória;pt
ZAF;Sul-Africano;pt
ZMB;Lusaka;pt
ZMB;Zâmbia;pt
ZMB;zambianos;pt
ZWE;Harare;pt
ZWE;zimbabuano;pt
ZWE;zimbabuanos;pt
ZWE;Zimbábue ;pt
AFG;афган*;ru
AFG;Афганистан*;ru
AFG;Кабул*;ru
AGO;ангол*;ru
AGO;Ангол*;ru
AGO;Луанд*;ru
ALB;албан*;ru
ALB;Албани*;ru
ALB;Тиран*;ru
AND;Андорр*;ru
AND;андорр*;ru
ARE;Абу-Даби;ru
ARE;Дуба*;ru
ARE;Объединенные Арабские Эмираты;ru
ARE;эмир*;ru
ARG;аргентин*;ru
ARG;Аргентин*;ru
ARG;Буэнос-Айрес*;ru
ARM;Армени*;ru
ARM;армян*;ru
ARM;Ереван*;ru
ATG;Антигуа и Барбуда;ru
ATG;антигуан*;ru
ATG;барбудан*;ru
AUS;австрали*;ru
AUS;Австрали*;ru
AUS;Канберр*;ru
AUS;Оз*;ru
AUS;Сидне*;ru
AUT;австри*;ru
AUT;Австри*;ru
AUT;Вена*;ru
AZE;Азербайджан*;ru
AZE;азербайджан*;ru
AZE;Баку;ru
BDI;Бужумбур*;ru
BDI;Бурунди;ru
BDI;бурунди*;ru
BEL;бельги*;ru
BEL;Бельги*;ru
BEL;Брюссел*;ru
BEN;Бенин;ru
BEN;бенин*;ru
BEN;Порто-Ново;ru
BFA;Буркина-Фасо;ru
BFA;буркини*;ru
BFA;Уагадугу;ru
BGD;Бангладеш;ru
BGD;бенгал*;ru
BGD;Дакк*;ru
BGD;Дакка;ru
BGR;болгар*;ru
BGR;Болгари*;ru
BGR;Софи*;ru
BHR;Бахрейн*;ru
BHR;бахрейн*;ru
BHR;Манам*;ru
BHS;багам*;ru
BHS;Багамские о-ва;ru
BHS;Нассау;ru
BIH;босни*;ru
BIH;Босни*;ru
BIH;Сараево;ru
BLR;Беларус*;ru
BLR;белорус*;ru
BLR;Минск*;ru
BLZ;Белиз;ru
BLZ;белиз*;ru
BLZ;Бельмопан*;ru
BOL;Боливи*;ru
BOL;боливи*;ru
BOL;Сукре;ru
BRA;бразил*;ru
BRA;Бразили*;ru
BRA;Бразилиа;ru
BRA;Рио-де-Жанейро;ru
BRA;Сан-Паулу;ru
BRB;Барбадос;ru
BRB;барбадос*;ru
BRB;Бриджтаун*;ru
BRN;Бруней;ru
BRN;бруней*;ru
BTN;Бутан*;ru
BTN;бутан*;ru
BTN;Тхимпху;ru
BWA;Ботсван*;ru
BWA;ботсван*;ru
BWA;Габороне;ru
CAF;Банги;ru
CAF;Центрально-Африкан*;ru
CAF;Центрально-Африканска* Республик*;ru
CAF;центральноафрикан*;ru
CAN;Канад*;ru
CAN;канад*;ru
CAN;Квебек*;ru
CAN;Оттав*;ru
CAN;Торонто;ru
CHE;Берн*;ru
CHE;Цюрих;ru
CHE;швейцар*;ru
CHE;Швейцари*;ru
CHL;Сантьяго;ru
CHL;Чили;ru
CHL;чилий*;ru
CHN;Гонконг;ru
CHN;кита*;ru
CHN;Китай;ru
CHN;Макао;ru
CHN;Макао;ru
CHN;Пекин;ru
CHN;Шанхай;ru
CIV;Абиджан*;ru
CIV;ивуари*;ru
CIV;Кот-д-Ивуар;ru
CIV;Ямусукро;ru
CMR;камерун*;ru
CMR;Камерун*;ru
CMR;Яунде;ru
COD;Демократическ* Республик* Конго;ru
COD;Киншас*;ru
COD;Конго;ru
COD;конголез*;ru
COG;Браззавиль;ru
COG;конголез*;ru
COG;Республика Конго;ru
COL;Богота;ru
COL;Колумби*;ru
COL;колумби*;ru
COM;комор*;ru
COM;Комор*;ru
COM;Коморски* остров*;ru
COM;Морони*;ru
CPV;кабо-верд*;ru
CPV;Кабо-Верде;ru
CPV;кабовердиан*;ru
CPV;Прая;ru
CRI;Коста-Рик*;ru
CRI;костарикан*;ru
CRI;Сан-Хосе;ru
CRI;Тикос;ru
CUB;Гаван*;ru
CUB;Куб*;ru
CUB;кубин*;ru
CYP;кипр*;ru
CYP;Кипр*;ru
CYP;Никоси*;ru
CZE;Праг*;ru
CZE;чех*;ru
CZE;чешск*;ru
CZE;Чешск* Республик*;ru
DEU;Берлин*;ru
DEU;Германи*;ru
DEU;немец*;ru
DEU;немк*;ru
DEU;немц*;ru
DEU;Франкфурт*;ru
DJI;Джибути;ru
DJI;джибути*;ru
DMA;доминикан*;ru
DMA;Доминиканская Республика;ru
DMA;Санто-Доминго;ru
DNK;Дани*;ru
DNK;датск*;ru
DNK;датчан*;ru
DNK;Копенгаген*;ru
DOM;доминикан*;ru
DOM;Розо;ru
DOM;Содружество Доминики;ru
DZA;Алжир*;ru
DZA;алжир*;ru
DZA;Алжир*;ru
ECU;Кито;ru
ECU;Эквадор*;ru
ECU;эквадор*;ru
EGY;Египет;ru
EGY;Египт*;ru
EGY;египтян*;ru
EGY;Каир*;ru
ERI;Асмар*;ru
ERI;эритре*;ru
ERI;Эритре*;ru
ESP;Барселон*;ru
ESP;испан*;ru
ESP;Испани*;ru
ESP;Мадрид*;ru
EST;Таллинн*;ru
EST;эстон*;ru
EST;Эстони*;ru
ETH;Аддис-Абеб*;ru
ETH;эфиоп*;ru
ETH;Эфиопи*;ru
FIN;Финлянди*;ru
FIN;финн*;ru
FIN;финск*;ru
FIN;Хельсинк*;ru
FJI;Фиджи;ru
FJI;фиджи*;ru
FLK;фолкленд*;ru
FLK;Фолклендские острова;ru
FRA;Париж*;ru
FRA;Франци*;ru
FRA;францу*;ru
FRO;Торсхавн*;ru
FRO;фарер*;ru
FRO;Фарерские острова;ru
FSM;микронези*;ru
FSM;Микронези*;ru
FSM;Паликир*;ru
GAB;Габон*;ru
GAB;габон*;ru
GAB;Либревил*;ru
GBR;Англи*;ru
GBR;британ*;ru
GBR;Великобритани*;ru
GBR;Лондон*;ru
GEO;Грузи*;ru
GEO;грузин*;ru
GEO;Тбилиси;ru
GGY;Гернси;ru
GGY;гернси*;ru
GGY;Санкт-Питер-Порт*;ru
GHA;Аккр*;ru
GHA;ган*;ru
GHA;Ган*;ru
GIN;гвине*;ru
GIN;Гвине*;ru
GIN;Конакри;ru
GMB;Банжул*;ru
GMB;Гамби*;ru
GMB;гамби*;ru
GNB;Бисау;ru
GNB;биссау-гвиней*;ru
GNB;Гвине*-Бисау;ru
GNQ;Малабо;ru
GNQ;Экваториальная Гвинея;ru
GNQ;экваториально-гвиней*;ru
GRC;Афин*;ru
GRC;грек*;ru
GRC;Греци*;ru
GRC;греч*;ru
GRD;Гренад*;ru
GRD;гренад*;ru
GRD;Сент-Джордж*;ru
GRL;гренланд*;ru
GRL;Гренланди*;ru
GRL;Нуук*;ru
GTM;гватемал*;ru
GTM;Гватемал*;ru
GTM;Гватемал*;ru
GUY;гайан*;ru
GUY;Гайана;ru
HKG;Гонконг;ru
HKG;гонконг*;ru
HND;гондурас*;ru
HND;Гондурас*;ru
HND;Тегусигальп*;ru
HRV;Загреб*;ru
HRV;хорват*;ru
HRV;Хорвати*;ru
HTI;Гаити;ru
HTI;гаитян*;ru
HTI;Порт-о-Пренс*;ru
HUN;Будапешт*;ru
HUN;венг*;ru
HUN;Венгри*;ru
IDN;Джакарт*;ru
IDN;индонези*;ru
IDN;Индонези*;ru
IMN;мэнск*;ru
IMN;мэнц*;ru
IMN;Остров Мэн;ru
IND;Инди*;ru
IND;индийск*;ru
IND;индус*;ru
IND;Мумбаи;ru
IND;Нью-Дели;ru
IRL;Дублин*;ru
IRL;ирланд*;ru
IRL;Ирланди*;ru
IRN;Иран*;ru
IRN;иран*;ru
IRN;Тегеран*;ru
IRQ;Багдад*;ru
IRQ;Ирак*;ru
IRQ;ирак*;ru
ISL;исланд*;ru
ISL;Исланди*;ru
ISL;Рейкьявик*;ru
ISR;Иерусалим*;ru
ISR;Израил*;ru
ISR;израиль*;ru
ITA;Итали*;ru
ITA;итальян*;ru
ITA;Рим*;ru
JAM;Кингстон*;ru
JAM;ямай*;ru
JAM;Ямайка;ru
JEY;норман*;ru
JEY;Нормандские острова;ru
JOR;Амман*;ru
JOR;иордан*;ru
JOR;Иордани*;ru
JPN;Токио;ru
JPN;япон*;ru
JPN;Япони*;ru
KAZ;Астан*;ru
KAZ;казах*;ru
KAZ;Казахстан*;ru
KEN;кени*;ru
KEN;Кени*;ru
KEN;Найроби;ru
KGZ;Бишкек*;ru
KGZ;Киргизи*;ru
KGZ;киргизск*;ru
KGZ;киргизстан*;ru
KGZ;Кыргызстан*;ru
KHM;Камбодж*;ru
KHM;Камбоджи*;ru
KHM;Пномпен*;ru
KIR;кирибат*;ru
KIR;Кирибати;ru
KIR;Тарав*;ru
KNA;Бастер*;ru
KNA;сент-кит*;ru
KNA;Сент-Китс и Невис;ru
KOR;Сеул*;ru
KOR;Южн* Коре*;ru
KOR;южнокоре*;ru
KOS;косовар*;ru
KOS;Косово;ru
KOS;Приштин*;ru
KWT;кувейт*;ru
KWT;Кувейт*;ru
KWT;Кувейт*;ru
LAO;Вьентьян*;ru
LAO;лаос*;ru
LAO;Лаос*;ru
LBN;Бейрут*;ru
LBN;Ливан*;ru
LBN;Ливан*;ru
LBR;Либери*;ru
LBR;либери*;ru
LBR;Монрови*;ru
LBY;ливи*;ru
LBY;Ливи*;ru
LBY;Триполи;ru
LCA;Кастри;ru
LCA;сент-люси*;ru
LCA;Сент-Люсия;ru
LIE;Вадуц*;ru
LIE;лихтенштейн*;ru
LIE;Лихтенштейн*;ru
LKA;Коломбо;ru
LKA;Шри-Ланк*;ru
LKA;шри-ланк*;ru
LSO;лесот*;ru
LSO;Лесото;ru
LSO;Масеру;ru
LTU;Вильнюс*;ru
LTU;Литва;ru
LTU;литов*;ru
LUX;люксембур*;ru
LUX;Люксембург*;ru
LVA;латви*;ru
LVA;Латви*;ru
LVA;латыш*;ru
LVA;Рига*;ru
MAC;маканез*;ru
MAC;Макао;ru
MAR;мароккан*;ru
MAR;Марокко;ru
MAR;Рабат*;ru
MCO;монак*;ru
MCO;Монако;ru
MDA;Кишинев*;ru
MDA;молдав*;ru
MDA;Молдов*;ru
MDG;Антананариву;ru
MDG;Мадагаскар*;ru
MDG;малагаси*;ru
MDV;мальдив*;ru
MDV;Мальдивские острова;ru
MEX;Мексик*;ru
MEX;мексикан*;ru
MEX;Мехико;ru
MHL;Маджуро;ru
MHL;маршалл*;ru
MHL;Маршалловы острова;ru
MKD;македон*;ru
MKD;Македони*;ru
MKD;Скопье;ru
MLI;Бамако;ru
MLI;Мали;ru
MLI;мали*;ru
MLT;Валлетт*;ru
MLT;Мальт*;ru
MLT;мальти*;ru
MMR;Бирм*;ru
MMR;бирман*;ru
MMR;Мьянм*;ru
MMR;Нейпьидо;ru
MMR;Янгон;ru
MNE;Подгориц*;ru
MNE;черногор*;ru
MNE;Черногори*;ru
MNG;монгол*;ru
MNG;Монголи*;ru
MNG;Улан-Батор*;ru
MOZ;Мапуту;ru
MOZ;мозамби*;ru
MOZ;Мозамбик*;ru
MRT;мавритан*;ru
MRT;Мавритани*;ru
MRT;Нуакшот*;ru
MUS;Маврикий;ru
MUS;мавритан*;ru
MUS;Порт-Луи;ru
MWI;Лилонгве;ru
MWI;Малави;ru
MWI;малави*;ru
MYS;Куала-Лумпур*;ru
MYS;малай*;ru
MYS;Малайзи*;ru
MYS;Путражая;ru
NCL;Нов* Каледони*;ru
NCL;ново-каледон*;ru
NCL;Нуме*;ru
NER;Ниамей;ru
NER;Нигер;ru
NER;нигер*;ru
NGA;Абуджа;ru
NGA;Лагос;ru
NGA;Нигери*;ru
NGA;нигери*;ru
NIC;Манагуа;ru
NIC;никараг*;ru
NIC;Никарагуа;ru
NLD;Амстердам*;ru
NLD;голланд*;ru
NLD;Нидерланд*;ru
NOR;Норвеги*;ru
NOR;норвеж*;ru
NOR;Осло;ru
NPL;Катманду;ru
NPL;непал*;ru
NPL;Непал*;ru
NRU;наур*;ru
NRU;Науру;ru
NRU;Ярен*;ru
NZL;Веллингтон*;ru
NZL;Нов* Зеланди*;ru
NZL;новозеланд*;ru
NZL;Окленд*;ru
OMN;Мускат*;ru
OMN;Оман*;ru
OMN;оман*;ru
PAK;Исламабад*;ru
PAK;Пакистан*;ru
PAK;пакистан*;ru
PAN;Панам*;ru
PAN;панам*;ru
PAN;Панама;ru
PER;Лим*;ru
PER;Перу;ru
PER;перуан*;ru
PHL;Манил*;ru
PHL;филиппин*;ru
PHL;Филиппин*;ru
PLW;Мелекеок*;ru
PLW;Палау;ru
PLW;палау*;ru
PNG;Папуа-Нов* Гвине*;ru
PNG;папуас*;ru
PNG;Порт-Морсби;ru
POL;Варшав*;ru
POL;Польш*;ru
POL;поля*;ru
PRI;Пуэрто-Рико;ru
PRI;пуэрторикан*;ru
PRI;Сан-Хуан*;ru
PRK;Пхеньян*;ru
PRK;Северн* Коре*;ru
PRK;северокоре*;ru
PRT;Лиссабон*;ru
PRT;португал*;ru
PRT;Португали*;ru
PRY;Асунсьон*;ru
PRY;Парагвай;ru
PRY;парагвай*;ru
PSE;Газа*;ru
PSE;Город Газа*;ru
PSE;Западный берег реки Иордан;ru
PSE;палестин*;ru
PSE;Палестин*;ru
QAT;Доха*;ru
QAT;катар*;ru
QAT;Катар*;ru
ROU;Бухарест*;ru
ROU;румын*;ru
ROU;Румыни*;ru
RUS;Москв*;ru
RUS;Росси*;ru
RUS;русск*;ru
RWA;Кигали;ru
RWA;Руанд*;ru
RWA;руанд*;ru
SAH;Западная Сахара;ru
SAH;западно-сахар*;ru
SAH;Эль-Аюн*;ru
SAU;саудов*;ru
SAU;Саудовск* Арави*;ru
SAU;Эр-Рияд*;ru
SDN;Судан;ru
SDN;судан*;ru
SDN;Хартум*;ru
SEN;Дакар*;ru
SEN;сенегал*;ru
SEN;Сенегал*;ru
SGP;Сингапур*;ru
SGP;сингапур*;ru
SLB;соломон*;ru
SLB;Соломоновы* Остров*;ru
SLB;Хониар*;ru
SLE;сьерра-леоне;ru
SLE;Сьерра-Леоне;ru
SLE;Фритаун*;ru
SLV;Сальвадор*;ru
SLV;сальвадор*;ru
SLV;Сан-Сальвадор*;ru
SMR;Сан - Марино;ru
SMR;Сан-Марин*;ru
SOM;Могадишо;ru
SOM;Сомали;ru
SOM;сомали*;ru
SRB;Белград*;ru
SRB;серб*;ru
SRB;Серби*;ru
SSD;Джуб*;ru
SSD;южно-судан*;ru
SSD;Южный Судан;ru
STP;Сан-Томе и Принсипи;ru
STP;сантоми*;ru
SUR;Парамарибо;ru
SUR;Суринам;ru
SUR;суринам*;ru
SVK;Братислав*;ru
SVK;слова*;ru
SVK;Словаки*;ru
SVN;Люблян*;ru
SVN;словен*;ru
SVN;Словени*;ru
SWE;Стокгольм*;ru
SWE;швед*;ru
SWE;Швеци*;ru
SWZ;Лобамба;ru
SWZ;Мбабане;ru
SWZ;свазиленд*;ru
SWZ;Свазиленд*;ru
SYC;сейшел*;ru
SYC;Сейшел*;ru
SYC;Сейшельски* остров*;ru
SYR;Дамаск*;ru
SYR;Сири*;ru
SYR;сири*;ru
TCD;Нджамен*;ru
TCD;Чад;ru
TCD;чад*;ru
TGO;Ломе;ru
TGO;Того;ru
TGO;тоголез*;ru
THA;Бангкок*;ru
THA;таец*;ru
THA;Таиланд*;ru
THA;тайк*;ru
THA;тайск*;ru
THA;тайц*;ru
TJK;Душанбе;ru
TJK;таджик*;ru
TJK;Таджикистан*;ru
TKM;Ашхабад*;ru
TKM;туркмен*;ru
TKM;Туркменистан*;ru
TLS;Восточн* Тимор*;ru
TLS;восточно-тимор*;ru
TLS;Дили;ru
TON;Нукуалофа;ru
TON;тонг*;ru
TON;Тонг*;ru
TTO;Порт-офф-Спейн*;ru
TTO;Тринидад и Тобаго;ru
TTO;тринидад*;ru
TUN;Тунис*;ru
TUN;тунис*;ru
TUN;Тунис*;ru
TUR;Анкар*;ru
TUR;Стамбул*;ru
TUR;турецк*;ru
TUR;турк*;ru
TUR;турок*;ru
TUR;Турци*;ru
TUR;турч*;ru
TUV;тували*;ru
TUV;Тувалу;ru
TUV;Фунафути;ru
TWN;Тайбэ*;ru
TWN;тайван*;ru
TWN;Тайвань;ru
TZA;Дар-эс-Салам*;ru
TZA;Додом*;ru
TZA;Танзани*;ru
TZA;танзанийск*;ru
UGA;Кампал*;ru
UGA;Уганд*;ru
UGA;уганди*;ru
UKR;Киев*;ru
UKR;Украин*;ru
UKR;украин*;ru
URY;Монтевидео;ru
URY;уругва*;ru
URY;Уругвай;ru
USA;Америк* американ*;ru
USA;Вашингтон*;ru
USA;Нью-Йорк*;ru
USA;Соединенные Штаты Америки;ru
USA;США;ru
UZB;Ташкент*;ru
UZB;узбек*;ru
UZB;Узбекистан*;ru
VAT;Ватикан*;ru
VCT;Кингстаун*;ru
VCT;Сент-Винсент и Гренадины;ru
VCT;сентвинсент*;ru
VEN;Венесуэл*;ru
VEN;венесуэл*;ru
VEN;Каракас*;ru
VNM;Вьетнам*;ru
VNM;вьетнам*;ru
VNM;Ханой;ru
VNM;Хошимин*;ru
VUT;вануат*;ru
VUT;Вануату;ru
VUT;Порт-Вил*;ru
WSM;Апиа;ru
WSM;Самоа;ru
WSM;самоан*;ru
YEM;йемен*;ru
YEM;Йемен*;ru
YEM;Санан*;ru
ZAF;Йоханнесбург*;ru
ZAF;Кейптаун;ru
ZAF;ЮАР;ru
ZAF;южно-африкан*;ru
ZMB;Замби*;ru
ZMB;замби*;ru
ZMB;Лусак*;ru
ZWE;Зимбабве;ru
ZWE;зимбабви*;ru
ZWE;Хараре;ru
